name,input,output,expected,metrics,metadata,comments,created,ASIN,Brand,Primary_use,Reasoning
eval,"{""attribute_table"": [{""attribute_type"": ""Variant"", ""attribute_value"": ""In-Ear"", ""rank"": 1}, {""attribute_type"": ""Variant"", ""attribute_value"": ""Deep Bass Sound"", ""rank"": 2}, {""attribute_type"": ""Variant"", ""attribute_value"": ""Bluetooth 5.2"", ""rank"": 3}, {""attribute_type"": ""Variant"", ""attribute_value"": ""Up to 32 Hours Battery Life"", ""rank"": 4}, {""attribute_type"": ""Variant"", ""attribute_value"": ""Speed Charging"", ""rank"": 5}, {""attribute_type"": ""Variant"", ""attribute_value"": ""Water and Dust Resistant"", ""rank"": 6}, {""attribute_type"": ""Variant"", ""attribute_value"": ""Hands-Free Call with VoiceAware"", ""rank"": 7}, {""attribute_type"": ""Variant"", ""attribute_value"": ""White"", ""rank"": 8}, {""attribute_type"": ""Use Case"", ""attribute_value"": ""Daily Entertainment"", ""rank"": 1}], ""bullet_points"": ""JBL Deep Bass Sound: Get the most from your mixes with high-quality audio from secure, reliable earbuds with 8mm drivers featuring JBL Deep Bass Sound\nComfortable fit: The ergonomic, stick-closed design of the JBL Vibe Beam fits so comfortably you may forget you're wearing them. The closed design excludes external sounds, enhancing the bass performance\nUp to 32 (8h + 24h) hours of battery life and speed charging: With 8 hours of battery life in the earbuds and 24 in the case, the JBL Vibe Beam provide all-day audio. When you need more power, you can speed charge an extra two hours in just 10 minutes.\nHands-free calls with VoiceAware: When you're making hands-free stereo calls on the go, VoiceAware lets you balance how much of your own voice you hear while talking with others\nWater and dust resistant: From the beach to the bike trail, the IP54-certified earbuds and IPX2 charging case are water and dust resistant for all-day experiences"", ""description"": ""\""Bring your sound everywhere. With bass you can feel, up to 32 total hours of battery life, and a secure, comfortable stick-closed design, the splash and dust resistant JBL Vibe Beam are designed for your daily entertainment."", ""product_attributes"": {""category_root"": ""Electronics"", ""category_sub"": ""Earbud Headphones"", ""color"": ""White"", ""included_components"": ""1 x JBL Vibe Beam earbuds, 1 x Charging case, 1 x Type-C to Type-A charging cable, 1 x 3 sizes of eartips, 1 x Warranty / Warning, 1 x Quick Start Guide / Safety Sheet"", ""item_form"": """", ""material"": ""Plastic"", ""model"": ""JBLVBEAMWHTAM"", ""number_of_items"": ""1"", ""product_type"": ""HEADPHONES"", ""size"": ""Small"", ""specific_uses"": ""Music"", ""style"": ""Earbuds"", ""target_audience"": """"}, ""taxonomy"": [{""level"": 1, ""product_type"": ""True Wireless Earbuds"", ""rank"": 1}, {""level"": 2, ""product_type"": ""Wireless Earphones"", ""rank"": 2}, {""level"": 3, ""product_type"": ""Earphones"", ""rank"": 3}], ""title"": ""JBL Vibe Beam - True Wireless JBL Deep Bass Sound Earbuds, Bluetooth 5.2, Water & Dust Resistant, Hands-free call with VoiceAware, Up to 32 hours of battery life (White)""}","{""confidence"": 0.92, ""primary_use"": ""wireless audio listening"", ""reasoning"": ""These are true wireless earbuds designed primarily for listening to audio content wirelessly. While they have additional features like hands-free calling and water resistance, the core function is audio playback. The product taxonomy clearly identifies them as \""True Wireless Earbuds\"" and the description emphasizes \""daily entertainment\"" and \""bring your sound everywhere.\""""}","{""primary_use"": ""Wireless music and audio listening""}","{""end"": 1769382438.124, ""start"": 1769382437.901}","{""asin"": ""B0BQPGJ9LQ"", ""brand_name"": ""JBL"", ""module_id"": ""m09"", ""split"": ""train"", ""version"": ""v1.1""}",,,B0BQPGJ9LQ,JBL,wireless audio listening,"These are true wireless earbuds designed primarily for listening to audio content wirelessly. While they have additional features like hands-free calling and water resistance, the core function is audio playback. The product taxonomy clearly identifies them as ""True Wireless Earbuds"" and the description emphasizes ""daily entertainment"" and ""bring your sound everywhere."""
eval,"{""attribute_table"": [{""attribute_type"": ""Use Case"", ""attribute_value"": ""Sports"", ""rank"": 1}, {""attribute_type"": ""Use Case"", ""attribute_value"": ""Travel"", ""rank"": 2}, {""attribute_type"": ""Use Case"", ""attribute_value"": ""General Hydration"", ""rank"": 3}, {""attribute_type"": ""Variant"", ""attribute_value"": ""Double-Wall Insulation"", ""rank"": 1}, {""attribute_type"": ""Variant"", ""attribute_value"": ""Stainless Steel"", ""rank"": 2}, {""attribute_type"": ""Variant"", ""attribute_value"": ""24 Ounce"", ""rank"": 3}, {""attribute_type"": ""Variant"", ""attribute_value"": ""Denim"", ""rank"": 4}, {""attribute_type"": ""Variant"", ""attribute_value"": ""BPA-Free"", ""rank"": 5}, {""attribute_type"": ""Variant"", ""attribute_value"": ""FreeSip Spout"", ""rank"": 6}], ""bullet_points"": ""24-ounce insulated stainless-steel water bottle with a FreeSip spout and push-button lid with lock\nPatented FreeSip spout designed for either sipping upright through the built-in straw or tilting back to swig from the spout opening\nProtective push-to-open lid keeps spout clean; convenient carry loop doubles as a lock\nDouble-wall insulation keeps drinks cold for up to 24 hours; wide opening for cleaning and adding ice; cup holder-friendly base\nBPA, lead, and phthalate-free; hand wash cup, dishwasher-safe lid; not for use with hot liquids"", ""description"": ""The Owala FreeSip Insulated Stainless-Steel Water Bottle with Locking Push-Button Lid easily tackles every thirst. With a built-in, easy-clean straw and a wide-mouth opening, the FreeSip reusable bottle is designed for drinking two different ways: sipping upright through the straw or tilting back to swig from the wide-mouth spout opening. Add in a push-to-open lid and playful colors, and staying hydrated has never been simpler—or more fun. Additional features include double-wall insulated stainless steel that keeps drinks cold up to 24 hours, a carry loop that doubles as a lock, a cup holder-friendly base, and a wide opening for easy cleaning and adding ice. The Owala FreeSip Insulated Stainless-Steel Water Bottle with Locking Push-Button Lid is available in three sizes: 24-Ounce, 32-Ounce, and 40-Ounce. Lid is dishwasher safe; hand wash cup. Not for use with hot liquids. Manufacturer’s limited lifetime warranty."", ""product_attributes"": {""category_root"": ""Home & Kitchen"", ""category_sub"": ""Thermoses, Travel & To-Go Drinkware"", ""color"": ""Denim"", ""included_components"": ""Water Bottle"", ""item_form"": """", ""material"": ""Stainless Steel"", ""model"": ""C06060"", ""number_of_items"": ""1"", ""product_type"": ""BOTTLE"", ""size"": ""24 Ounces"", ""specific_uses"": """", ""style"": ""Water Bottle"", ""target_audience"": """"}, ""taxonomy"": [{""level"": 1, ""product_type"": ""Water Bottle"", ""rank"": 1}], ""title"": ""Owala FreeSip Insulated Stainless Steel Water Bottle with Straw, BPA-Free Sports Water Bottle, Great for Travel, 24 Oz, Denim""}","{""confidence"": 0.92, ""primary_use"": ""portable beverage storage"", ""reasoning"": ""This is a water bottle - its core function is to hold beverages for portable consumption. While it has many features (insulation, dual drinking methods, BPA-free materials), the primary purpose is beverage storage and transport. The product taxonomy confirms it's categorized as \""Thermoses, Travel & To-Go Drinkware\"" which aligns with portable beverage storage.""}","{""primary_use"": ""Portable insulated drink hydration""}","{""end"": 1769382438.11, ""start"": 1769382437.896}","{""asin"": ""B0BZYCJK89"", ""brand_name"": ""Owala"", ""module_id"": ""m09"", ""split"": ""train"", ""version"": ""v1.1""}",,,B0BZYCJK89,Owala,portable beverage storage,"This is a water bottle - its core function is to hold beverages for portable consumption. While it has many features (insulation, dual drinking methods, BPA-free materials), the primary purpose is beverage storage and transport. The product taxonomy confirms it's categorized as ""Thermoses, Travel & To-Go Drinkware"" which aligns with portable beverage storage."
eval,"{""attribute_table"": [{""attribute_type"": ""Use Case"", ""attribute_value"": ""Kitchen Countertop"", ""rank"": 1}, {""attribute_type"": ""Use Case"", ""attribute_value"": ""Kitchen"", ""rank"": 2}, {""attribute_type"": ""Use Case"", ""attribute_value"": ""Bathrooms"", ""rank"": 3}, {""attribute_type"": ""Use Case"", ""attribute_value"": ""Gifts"", ""rank"": 4}, {""attribute_type"": ""Variant"", ""attribute_value"": ""High Brush Holder"", ""rank"": 1}, {""attribute_type"": ""Variant"", ""attribute_value"": ""Sponge Holder"", ""rank"": 2}, {""attribute_type"": ""Variant"", ""attribute_value"": ""Soap Dispenser Organizer"", ""rank"": 3}, {""attribute_type"": ""Variant"", ""attribute_value"": ""Stainless Steel"", ""rank"": 4}, {""attribute_type"": ""Variant"", ""attribute_value"": ""304 Stainless Steel"", ""rank"": 5}, {""attribute_type"": ""Variant"", ""attribute_value"": ""Rustproof"", ""rank"": 6}], ""bullet_points"": ""304 Stainless Steel\nQuality Control 100%\n【AUTOMATIC DRAINAGE SYSTEM】Cisily adopts slope design to achieve perfect drainage effect, aiming at reducing the frequency and time of cleaning the sponge holder, freeing your hands, reducing the burden on your kitchen work, and improving your happiness index.\n【PREMIUM STURDY MATERIAL】 Cisily kitchen sink organizer is made of premium stainless steel which can effectively prevent rust and deformation. And you can clean it easily by rinsing it under a running tap. Take the clutter out of your countertops.\n【REASONABLE DIVIDER DESIGN】 The sponge holder for kitchen sink ergonomic divider design allows it to have 3 separate storage spaces, Different items are placed in different areas. Make the most of every inch of space and make your kitchen look cleaner.\n【SATISFACTION GUARANTEED】The CISILY kitchen sink organizer is ready to use upon receipt, no installation required and is widely used on counters or bathrooms, making it a satisfying gift."", ""description"": """", ""product_attributes"": {""category_root"": ""Home & Kitchen"", ""category_sub"": ""Kitchen Storage & Organization Accessories"", ""color"": ""Black"", ""included_components"": ""32 DE"", ""item_form"": """", ""material"": ""Stainless Steel"", ""model"": ""XM-CA-BLACK"", ""number_of_items"": ""1"", ""product_type"": ""CADDY"", ""size"": ""9.25″"", ""specific_uses"": ""Save space,Kitchen storage and organizer"", ""style"": ""English"", ""target_audience"": """"}, ""taxonomy"": [{""level"": 1, ""product_type"": ""Sink Caddy Organizer"", ""rank"": 1}, {""level"": 2, ""product_type"": ""Kitchen Caddy Organizer"", ""rank"": 2}, {""level"": 3, ""product_type"": ""Kitchen Storage and Organization"", ""rank"": 3}], ""title"": ""Cisily Kitchen Sink Caddy Organzier with High Brush Holder, Sponge Holder for Sink, 304 Rustproof Stainless, Kitchen Countertop Soap Dispenser Organizer, Kitchen Decor and Accessories""}","{""confidence"": 0.88, ""primary_use"": ""kitchen sink item organization"", ""reasoning"": ""This is a sink caddy organizer designed to hold and organize kitchen cleaning items like sponges, brushes, and soap dispensers near the sink. The product taxonomy clearly identifies it as \""Sink Caddy Organizer\"" and \""Kitchen Storage and Organization.\"" While it has features like drainage and multiple compartments, the core function is organizing kitchen sink accessories in one designated space.""}","{""primary_use"": ""Kitchen sink item organization""}","{""end"": 1769382438.096, ""start"": 1769382437.893}","{""asin"": ""B0CJ4WZXQF"", ""brand_name"": ""Cisily"", ""module_id"": ""m09"", ""split"": ""train"", ""version"": ""v1.1""}",,,B0CJ4WZXQF,Cisily,kitchen sink item organization,"This is a sink caddy organizer designed to hold and organize kitchen cleaning items like sponges, brushes, and soap dispensers near the sink. The product taxonomy clearly identifies it as ""Sink Caddy Organizer"" and ""Kitchen Storage and Organization."" While it has features like drainage and multiple compartments, the core function is organizing kitchen sink accessories in one designated space."
eval,"{""attribute_table"": [{""attribute_type"": ""Audience"", ""attribute_value"": ""Hikers"", ""rank"": 1}, {""attribute_type"": ""Audience"", ""attribute_value"": ""Men"", ""rank"": 2}, {""attribute_type"": ""Use Case"", ""attribute_value"": ""Travel"", ""rank"": 2}, {""attribute_type"": ""Use Case"", ""attribute_value"": ""Camping"", ""rank"": 3}, {""attribute_type"": ""Use Case"", ""attribute_value"": ""Hiking"", ""rank"": 4}, {""attribute_type"": ""Use Case"", ""attribute_value"": ""Skiing"", ""rank"": 5}, {""attribute_type"": ""Variant"", ""attribute_value"": ""Medium"", ""rank"": 1}, {""attribute_type"": ""Variant"", ""attribute_value"": ""Lightweight"", ""rank"": 2}, {""attribute_type"": ""Variant"", ""attribute_value"": ""Packable"", ""rank"": 3}, {""attribute_type"": ""Variant"", ""attribute_value"": ""Insulated"", ""rank"": 4}, {""attribute_type"": ""Variant"", ""attribute_value"": ""Water Repellent"", ""rank"": 5}], ""bullet_points"": ""WINDPROOF & WARM The stand collar lightweight puffer jacket is made with windproof, soft nylon fabric to block out cold air and keep you warm. The new winter jacket features elastic cuffs and an adjustable hem, effectively preventing wind from entering and ensuring fit, protecting you in cold weather. The front center zipper has dual side zipper chin guard, providing close-fitting comfort\nWATER-RESISTANT & BREATHABLE The outer layer uses DWR technology with a waterproof rating of 3000mm. The interior is filled with polyester fiber eco-friendly down alternative material, offering enhanced warmth and breathability. This men's down alternative jacket keeps your core comfortable and dry in light rain, helping you stay warm and fight against harsh rainy or misty weather\nLIGHTWEIGHT & PACKABLE DESIGN Ultra-lightweight, weightless experience, weighing only 300g.The men's stand-up collar puffer jacket can be quickly stored and placed in a waterproof storage bag. The storage bag has a drawstring and drawcord, allowing you to attach the jacket to your backpack. Our men's foldable, lightweight insulated puffer coat is ideal for casual wear and outdoor. The lightweight packable design takes up minimal space in your luggage and backpack, making travel stress-free\n4 POCKETS The men's puffy quilted jacket includes 2 external zippered hand warmer pockets and 2 large internal pockets, perfect for storing money, keys, phone, wallet, passport, and other items, providing great privacy and convenience\nOCCASION Suitable for travelling, camping, hiking, skiing, snowboarding, golf and many other outdoor activities, also good choice for casual life such as work, party, men's outerwear jackets & coats for spring fall winter.\n\nMedium | Fabric type: Nylon | Care instructions: Machine Wash | Origin: Imported"", ""description"": """", ""product_attributes"": {""category_root"": ""Clothing, Shoes & Jewelry"", ""category_sub"": ""Down & Down Alternative"", ""color"": ""Black"", ""included_components"": """", ""item_form"": """", ""material"": ""Nylon"", ""model"": """", ""number_of_items"": """", ""product_type"": ""COAT"", ""size"": ""Medium"", ""specific_uses"": """", ""style"": ""Modern"", ""target_audience"": """"}, ""taxonomy"": [{""level"": 1, ""product_type"": ""Puffer Jacket / Puffy Coat"", ""rank"": 1}, {""level"": 2, ""product_type"": ""Jacket"", ""rank"": 2}, {""level"": 3, ""product_type"": ""Men's Clothing / Apparel"", ""rank"": 3}], ""title"": ""Pioneer Camp Mens Lightweight Packable Puffer Jacket Winter Insulated Puffy Coat Water Repellent Warm Quilted Jackets Travel""}","{""confidence"": 0.88, ""primary_use"": ""body warmth during cold weather"", ""reasoning"": ""This is a puffer jacket designed primarily for insulation and warmth protection. While it has many features (packable, water-resistant, multiple pockets), the core function is thermal protection. The product taxonomy confirms it's a \""Puffer Jacket\"" and the description emphasizes windproof, warm, and insulated properties as the main selling points. The packable design and other features are secondary conveniences.""}","{""primary_use"": ""Cold weather body warmth""}","{""end"": 1769382438.071, ""start"": 1769382437.89}","{""asin"": ""B0D6YNWLTS"", ""brand_name"": ""Pioneer Camp"", ""module_id"": ""m09"", ""split"": ""train"", ""version"": ""v1.1""}",,,B0D6YNWLTS,Pioneer Camp,body warmth during cold weather,"This is a puffer jacket designed primarily for insulation and warmth protection. While it has many features (packable, water-resistant, multiple pockets), the core function is thermal protection. The product taxonomy confirms it's a ""Puffer Jacket"" and the description emphasizes windproof, warm, and insulated properties as the main selling points. The packable design and other features are secondary conveniences."
eval,"{""attribute_table"": [{""attribute_type"": ""Variant"", ""attribute_value"": ""Vacuum-lock suction mechanism"", ""rank"": 1}, {""attribute_type"": ""Variant"", ""attribute_value"": ""24 N52 magnet dual-ring system"", ""rank"": 2}, {""attribute_type"": ""Variant"", ""attribute_value"": ""MagSafe-compatible magnetic mount"", ""rank"": 3}, {""attribute_type"": ""Variant"", ""attribute_value"": ""360° swivel with 180° tilt adjustment"", ""rank"": 5}, {""attribute_type"": ""Variant"", ""attribute_value"": ""Foldable and retractable arm"", ""rank"": 6}, {""attribute_type"": ""Use Case"", ""attribute_value"": ""hands-free driving navigation"", ""rank"": 1}, {""attribute_type"": ""Use Case"", ""attribute_value"": ""dashboard or windshield phone mounting"", ""rank"": 2}, {""attribute_type"": ""Audience"", ""attribute_value"": ""drivers"", ""rank"": 1}, {""attribute_type"": ""Audience"", ""attribute_value"": ""rideshare drivers"", ""rank"": 2}], ""bullet_points"": ""Vacuum Lock + Gel Base — For Smooth, Flat Surfaces: Features a rotary vacuum-lock and 4-layer washable gel base that forms a rock-solid hold on flat, non-textured surfaces such as glass, glossy dashboards, or hard leather. Avoid use on curved, soft, or textured materials. To install, firmly press the gel base and rotate the vacuum lock clockwise until tight\nWashable Gel Base — Restores Grip After Rinsing: The reusable nano-gel base maintains strong adhesion when clean. If suction weakens due to dust or dirt, simply rinse the gel with water and let it air dry—this restores up to 99% of its original stickiness, and built to withstand -40°F to 194°F\n360° Customizable Viewing Angle: Achieve full viewing flexibility with triple-axis adjustment—360° swivel, 180° tilt, and foldable arm positioning. Effortlessly switch between portrait and landscape modes. Built-in zinc alloy hinges rated for 7,000+ adjustments\nUnmatched Magnetic Grip for Safe Driving: Upgraded with 24 N52 magnets in a dual-ring layout for ultra-strong, stable hold—even on bumpy roads. No signal interference. Designed for MagSafe iPhones and cases; includes magnetic rings for wider phone compatibility\nWide Device Compatibility & Instant Setup: Supports iPhone 12–17 and other smartphones with the included magnetic ring. Mounts firmly to dashboards, mirrors, windows, or smooth tile—ideal for your car, home, or studio.\n\nCompatible Devices: Smartphones, Smooth Surface, Car Screen, Glass | Mounting Type: Dashboard | Additional Features: Powerful N52 Magnetic Force, 360 Degree Adjustable | Weight Capacity Maximum: 15 Pounds | Brand: Jikasho | Color: Black"", ""description"": """", ""product_attributes"": {""category_root"": ""Cell Phones & Accessories"", ""category_sub"": ""Cradles"", ""color"": ""Black"", ""included_components"": ""Magnetic Suction Phone Mount, Cleaning Pack, Metal Ring, User Manual"", ""item_form"": """", ""material"": ""Metallic Finish, TPU High-Temperature Resistant Materials, Polycarbonate, Acrylonitrile Butadiene Styrene"", ""model"": ""magnetic car phone holder"", ""number_of_items"": ""1"", ""product_type"": ""PORTABLE_ELECTRONIC_DEVICE_MOUNT"", ""size"": ""Compact"", ""specific_uses"": """", ""style"": ""Car Phone Holder"", ""target_audience"": """"}, ""taxonomy"": [{""level"": 1, ""product_type"": ""Car Phone Holders & Mounts"", ""rank"": 1}], ""title"": ""Vacuum Magnetic Suction Phone Holder, Foldable and Retractable Hands-Free Suction Cup Phone Mount for Car/Gym/Mirror/Smooth Surface, Compatible with iPhone Android and All Smartphones (Black)""}","{""confidence"": 0.92, ""primary_use"": ""smartphone mounting in vehicle"", ""reasoning"": ""This is a car phone mount/holder designed to secure smartphones in vehicles for hands-free use. The product taxonomy clearly identifies it as \""Car Phone Holders & Mounts\"" and the primary use case is \""hands-free driving navigation\"" and \""dashboard or windshield phone mounting.\"" While it can mount to other smooth surfaces, the core function is vehicle-based smartphone mounting for safe driving access.""}","{""primary_use"": ""Hands-free phone mounting""}","{""end"": 1769382438.054, ""start"": 1769382437.887}","{""asin"": ""B0DSHWLXG6"", ""brand_name"": ""Jikasho"", ""module_id"": ""m09"", ""split"": ""train"", ""version"": ""v1.1""}",,,B0DSHWLXG6,Jikasho,smartphone mounting in vehicle,"This is a car phone mount/holder designed to secure smartphones in vehicles for hands-free use. The product taxonomy clearly identifies it as ""Car Phone Holders & Mounts"" and the primary use case is ""hands-free driving navigation"" and ""dashboard or windshield phone mounting."" While it can mount to other smooth surfaces, the core function is vehicle-based smartphone mounting for safe driving access."
eval,"{""attribute_table"": [{""attribute_type"": ""Use Case"", ""attribute_value"": ""Home/Kitchen"", ""rank"": 1}, {""attribute_type"": ""Use Case"", ""attribute_value"": ""Office"", ""rank"": 2}, {""attribute_type"": ""Use Case"", ""attribute_value"": ""Bar/Party"", ""rank"": 3}, {""attribute_type"": ""Use Case"", ""attribute_value"": ""Travel/Outdoor"", ""rank"": 4}, {""attribute_type"": ""Variant"", ""attribute_value"": ""26Lbs/24Hrs Capacity"", ""rank"": 1}, {""attribute_type"": ""Variant"", ""attribute_value"": ""8 Cubes in 6 Minutes"", ""rank"": 2}, {""attribute_type"": ""Variant"", ""attribute_value"": ""Two Ice Sizes"", ""rank"": 3}, {""attribute_type"": ""Variant"", ""attribute_value"": ""Self-Cleaning Function"", ""rank"": 4}, {""attribute_type"": ""Variant"", ""attribute_value"": ""Quiet Operation (≤40dB)"", ""rank"": 5}, {""attribute_type"": ""Variant"", ""attribute_value"": ""Black"", ""rank"": 6}], ""bullet_points"": ""Fast Ice Making: This ice maker produces 8 pieces of bullet-shaped ice in just 6 minutes. With a daily output of up to 26lbs (12kg), it ensures you always have enough ice for your needs\nTwo Ice Sizes: Choose between small or large ice sizes to suit your preferences. Larger ice is ideal for cooling drinks quickly, while smaller ice works perfectly for blended beverages or therapeutic uses\nSelf-Cleaning Function: One-click self-cleaning makes it easy to wash, keeping your ice maker hygienic and your ice fresh. Plus, the transparent window lets you monitor ice production without lifting the lid\nSmart & Quiet: The smart system alerts you with indicator lights when the ice bin is full or water needs to be added. It operates quietly (noise ≤ 40dB), so it won't disturb your conversations\nEnergy-Saving & Compact: Featuring R600a eco-friendly refrigerant and an energy-efficient compressor, this ice maker is environmentally conscious. Its compact design fits seamlessly on any countertop\nPerfect for Multiple Scenarios: Whether it's a family gathering, a trip with friends, or a relaxing afternoon at home, this ice maker is your reliable companion. It's also an ideal gift for loved ones, combining functionality with style."", ""description"": """", ""product_attributes"": {""category_root"": ""Appliances"", ""category_sub"": ""Ice Makers"", ""color"": ""Dark Black"", ""included_components"": ""ice maker, basket, scoop, handle"", ""item_form"": """", ""material"": ""Plastic"", ""model"": ""58012RIMO-NJ3-BLACK"", ""number_of_items"": ""1"", ""product_type"": ""ICE_MAKER"", ""size"": ""26Lbs/24H"", ""specific_uses"": """", ""style"": """", ""target_audience"": """"}, ""taxonomy"": [{""level"": 1, ""product_type"": ""Ice Maker"", ""rank"": 1}], ""title"": ""Countertop Ice Maker, Portable Ice Machine Makes 8 Ice Cubes in 6 Mins, 26Lbs/24Hrs, Self-Cleaning Function, Ice Maker with Ice Scoop & Basket for Home/Kitchen/Office/Bar/Party, Black""}","{""confidence"": 0.92, ""primary_use"": ""ice production for beverages"", ""reasoning"": ""This is a countertop ice maker with a clear single purpose: producing ice cubes. The product taxonomy confirms \""Ice Maker\"" category, and all features (speed, capacity, sizes) support the core function of making ice. While it mentions various use cases (home, office, bar), these are contexts where ice is needed, not different functions. The primary action is ice production, specifically for cooling beverages.""}","{""primary_use"": ""Portable ice cube production""}","{""end"": 1769382438.04, ""start"": 1769382437.884}","{""asin"": ""B0F42MT8JX"", ""brand_name"": ""Antarctic Star"", ""module_id"": ""m09"", ""split"": ""train"", ""version"": ""v1.1""}",,,B0F42MT8JX,Antarctic Star,ice production for beverages,"This is a countertop ice maker with a clear single purpose: producing ice cubes. The product taxonomy confirms ""Ice Maker"" category, and all features (speed, capacity, sizes) support the core function of making ice. While it mentions various use cases (home, office, bar), these are contexts where ice is needed, not different functions. The primary action is ice production, specifically for cooling beverages."
eval,"{""attribute_table"": [{""attribute_type"": ""Variant"", ""attribute_value"": ""24-Hour Wear"", ""rank"": 1}, {""attribute_type"": ""Variant"", ""attribute_value"": ""Waterproof"", ""rank"": 2}, {""attribute_type"": ""Variant"", ""attribute_value"": ""Smudge-Proof"", ""rank"": 3}, {""attribute_type"": ""Variant"", ""attribute_value"": ""Built-in Sharpener"", ""rank"": 4}, {""attribute_type"": ""Variant"", ""attribute_value"": ""Built-in Smudger"", ""rank"": 5}, {""attribute_type"": ""Variant"", ""attribute_value"": ""Black Brown"", ""rank"": 6}, {""attribute_type"": ""Variant"", ""attribute_value"": ""Matte Finish"", ""rank"": 7}, {""attribute_type"": ""Use Case"", ""attribute_value"": ""Eye Definition"", ""rank"": 1}, {""attribute_type"": ""Use Case"", ""attribute_value"": ""Smoky Eye Makeup"", ""rank"": 2}, {""attribute_type"": ""Audience"", ""attribute_value"": ""Sensitive Eyes"", ""rank"": 1}, {""attribute_type"": ""Audience"", ""attribute_value"": ""Contact Lens Wearers"", ""rank"": 2}], ""bullet_points"": ""COLORSTAY EYELINER PENCIL: Define your eyes with Revlon ColorStay Eyeliner Pencil with built in smudger and sharpener; Ophthalmologist tested, suitable for sensitive eyes and contact lens wearers\nLONGWEARING EYE LINER: This 24-hour waterproof eyeliner pencil glides on, stays on and won't stain your eyelids; The fade proof, smudge proof and water resistant eyeliner lasts all day\nHOW TO USE: Sharpen pencil liner with built in sharpener and apply color across your eyelid and under eye; Use the smudger tip to soften lines or create a smoky effect\nBUILT IN SHARPENER: Every Revlon ColorStay Eyeliner Pencil features a built in sharpener to maintain an ultra fine tip for precise, even application every time you use it\nFIND YOUR PERFECT SHADES: Available in 10 shades for every skin tone, from timeless black to shimmer eye makeup and including purple, navy, charcoal, cocoa and green eyeliner; Also discover Colorstay Liquid Liner Pen\n202 Black Brown"", ""description"": ""Product Description\n\nAmerica’s #1 Longwear Eyeliner.* Revlon ColorStay Eyeliner Pencil delivers rich, lasting color that looks freshly applied all day long, and glides on smoothly in totally wearable, everyday shades. Whether you want to go subtle or dramatic, this eyeliner pencil creates the look you want and stays on strong. Formulated with ColorStay Adapti-Flex Color Lock Technology™. Waterproof, smudge-proof, fade-proof, and transfer-proof. Up to 24HR wear. Plus, it has a built-in sharpener and smudger. *Revlon Consumer Products Corporation’s calculation based in part on data reported by Circana, LLC, through its OmniMarket Service of Total US Multi-Outlet for Makeup Category, Eyeliner Subcategory for the 52-week period ending 11-24-2024 using Revlon’s custom definitions.\n\nBrand Story\n\nBy Revlon"", ""product_attributes"": {""category_root"": ""Beauty & Personal Care"", ""category_sub"": ""Eyeliner"", ""color"": ""Black Brown"", ""included_components"": """", ""item_form"": """", ""material"": """", ""model"": ""309973978010"", ""number_of_items"": ""1"", ""product_type"": ""EYELID_COLOR"", ""size"": ""0.01 Ounce (Pack of 1)"", ""specific_uses"": """", ""style"": """", ""target_audience"": ""women""}, ""taxonomy"": [{""level"": 1, ""product_type"": ""Pencil Eyeliner"", ""rank"": 1}, {""level"": 2, ""product_type"": ""Eyeliner"", ""rank"": 2}, {""level"": 3, ""product_type"": ""Eye Makeup"", ""rank"": 3}], ""title"": ""Revlon ColorStay Pencil Eyeliner with Built-in Sharpener, Waterproof, Smudgeproof, Longwearing Eye Makeup with Ultra-Fine Tip, 202 Black Brown""}","{""confidence"": 0.92, ""primary_use"": ""eye definition and enhancement"", ""reasoning"": ""This is a pencil eyeliner designed specifically to define and enhance the eyes. The product taxonomy clearly identifies it as \""Pencil Eyeliner > Eyeliner > Eye Makeup\"" and the core function is to apply color around the eyes for definition. While it has features like waterproofing and built-in sharpener, these are secondary to its primary purpose of eye makeup application.""}","{""primary_use"": ""Long-lasting eye line definition""}","{""end"": 1769382438.026, ""start"": 1769382437.881}","{""asin"": ""B000H3I2JG"", ""brand_name"": ""REVLON"", ""module_id"": ""m09"", ""split"": ""train"", ""version"": ""v1.1""}",,,B000H3I2JG,REVLON,eye definition and enhancement,"This is a pencil eyeliner designed specifically to define and enhance the eyes. The product taxonomy clearly identifies it as ""Pencil Eyeliner > Eyeliner > Eye Makeup"" and the core function is to apply color around the eyes for definition. While it has features like waterproofing and built-in sharpener, these are secondary to its primary purpose of eye makeup application."
eval,"{""attribute_table"": ""[\n  { \""attribute_type\"": \""Use Case\"", \""attribute_value\"": \""Handling Hot Cookware\"", \""rank\"": 1 },\n  { \""attribute_type\"": \""Use Case\"", \""attribute_value\"": \""Moving Casseroles/Hot Pots from Oven\"", \""rank\"": 2 },\n  { \""attribute_type\"": \""Variant\"", \""attribute_value\"": \""Heat Resistant up to 500°F\"", \""rank\"": 1 },\n  { \""attribute_type\"": \""Variant\"", \""attribute_value\"": \""Waterproof Silicone\"", \""rank\"": 2 },\n  { \""attribute_type\"": \""Variant\"", \""attribute_value\"": \""Slip-Resistant Grip\"", \""rank\"": 3 },\n  { \""attribute_type\"": \""Variant\"", \""attribute_value\"": \""2-Pack\"", \""rank\"": 4 },\n  { \""attribute_type\"": \""Variant\"", \""attribute_value\"": \""7\\\""x13\\\""\"", \""rank\"": 5 },\n  { \""attribute_type\"": \""Variant\"", \""attribute_value\"": \""Charcoal Grey\"", \""rank\"": 6 },\n  { \""attribute_type\"": \""Variant\"", \""attribute_value\"": \""Cotton Lining\"", \""rank\"": 7 }\n]"", ""bullet_points"": ""HEAT RESISTANT – KitchenAid Silicone Oven Mitts are heat resistant up to 500°F to help protect your hands when moving casseroles, hot pots, and more from oven or stove; not to be used on open flame or placed in oven or microwave\nSAFELY GRIP HOT COOKWARE – Silicone ovenmit is waterproof and features a slip-resistant spotted texture for safe and secure handling\nSOFT COTTON LINING – Interior lining has a soft brushed texture that is comfortable and breathable\nCONVENIENT HANGING LOOP – Features a convenient hang loop for quick and easy storage in your kitchen\nEASY TO CARE FOR – Wipe clean with damp cloth; Hang to dry; Do not wash in washing machine or dry in clothes dryer; Do not dry clean"", ""description"": ""Perform your kitchen tasks safely with the Kitchen Aid Ribbed Soft Silicone 2-Piece Oven Mitt Set. The textured, ribb stripe design offers a secure grip while handling hot objects. Made of durable and waterproof silicone with a cotton cuff that provides additional shield from the heat and polyester lining that offers comfort and insulation. Each oven mitt measures 7 inches by 13 inches for a generous fit. They are heat resistant up to 500 degrees Fahrenheit. Coordinate these oven mitts with coordinating Kitchen Aid Ribbed Soft Silicone Pot Holders for a complete set."", ""product_attributes"": {""category_root"": ""Home & Kitchen"", ""category_sub"": ""Oven Mitts"", ""color"": ""Milkshake"", ""included_components"": """", ""item_form"": """", ""material"": ""silicone"", ""model"": ""O2013117TDKA 205"", ""number_of_items"": ""1"", ""product_type"": ""POT_HOLDER"", ""size"": ""7.5\""x13\"""", ""specific_uses"": """", ""style"": ""Oven Mitt Set"", ""target_audience"": """"}, ""taxonomy"": [{""level"": 1, ""product_type"": ""Oven Mitt"", ""rank"": 1}], ""title"": ""KitchenAid Asteroid Oven Mitt 2-Pack Set, 7\""x13\"", Charcoal Grey 2 Count""}","{""confidence"": 0.95, ""primary_use"": ""hand protection from heat"", ""reasoning"": ""This is a clear single-purpose product. The product taxonomy identifies it as \""Oven Mitt\"", the title explicitly states \""Oven Mitt\"", and all features (heat resistance up to 500°F, grip texture, cotton lining) support the core function of protecting hands from hot cookware and surfaces. The primary use case attributes confirm \""Handling Hot Cookware\"" as the main function.""}","{""primary_use"": ""Heat protection when cooking""}","{""end"": 1769382438.012, ""start"": 1769382437.877}","{""asin"": ""B08J8GZXKZ"", ""brand_name"": ""KitchenAid"", ""module_id"": ""m09"", ""split"": ""train"", ""version"": ""v1.1""}",,,B08J8GZXKZ,KitchenAid,hand protection from heat,"This is a clear single-purpose product. The product taxonomy identifies it as ""Oven Mitt"", the title explicitly states ""Oven Mitt"", and all features (heat resistance up to 500°F, grip texture, cotton lining) support the core function of protecting hands from hot cookware and surfaces. The primary use case attributes confirm ""Handling Hot Cookware"" as the main function."
eval,"{""attribute_table"": ""[\n  { \""attribute_type\"": \""Use Case\"", \""attribute_value\"": \""Serving Food/Drinks\"", \""rank\"": 1 },\n  { \""attribute_type\"": \""Use Case\"", \""attribute_value\"": \""Breakfast in Bed\"", \""rank\"": 2 },\n  { \""attribute_type\"": \""Use Case\"", \""attribute_value\"": \""Party Appetizer Display\"", \""rank\"": 3 },\n  { \""attribute_type\"": \""Use Case\"", \""attribute_value\"": \""Coffee Table Decor\"", \""rank\"": 4 },\n  { \""attribute_type\"": \""Variant\"", \""attribute_value\"": \""Natural Bamboo\"", \""rank\"": 1 },\n  { \""attribute_type\"": \""Variant\"", \""attribute_value\"": \""Eco-Friendly\"", \""rank\"": 2 },\n  { \""attribute_type\"": \""Variant\"", \""attribute_value\"": \""15\\\"" x 10\\\""\"", \""rank\"": 3 },\n  { \""attribute_type\"": \""Variant\"", \""attribute_value\"": \""Lightweight\"", \""rank\"": 4 },\n  { \""attribute_type\"": \""Variant\"", \""attribute_value\"": \""Ergonomic Handles\"", \""rank\"": 5 },\n  { \""attribute_type\"": \""Variant\"", \""attribute_value\"": \""Raised Edges\"", \""rank\"": 6 }\n]"", ""bullet_points"": ""NATURAL BAMBOO WOOD: Made from 100% premium bamboo, our serving tray is eco-friendly, sustainable, and free from harmful chemicals, making it a safe and healthy choice for your family.\nERGONOMIC HANDLES: The built-in handles provide a comfortable grip, making it easy to carry food, drinks, and other items from room to room.\nVERSATILE USE: Perfect for serving breakfast in bed, carrying snacks to the living room, or displaying appetizers at a party. It also makes a great decorative piece for your coffee table or ottoman.\nDURABLE AND LIGHTWEIGHT: Despite its sturdy construction, our bamboo tray is incredibly lightweight, making it easy to handle and store. Plus, bamboo is naturally resistant to moisture and odors.\nELEGANT DESIGN: With its natural wood grain and smooth finish, our bamboo serving tray adds a touch of rustic charm to any setting. It's perfect for both casual and formal occasions."", ""description"": """", ""product_attributes"": {""category_root"": ""Home & Kitchen"", ""category_sub"": ""Serving Trays"", ""color"": ""Bamboo"", ""included_components"": """", ""item_form"": """", ""material"": ""Bamboo"", ""model"": ""TS000"", ""number_of_items"": ""1"", ""product_type"": ""TRAY"", ""size"": ""15.3\"" x 11.2\"" x 1\"""", ""specific_uses"": """", ""style"": ""Classic"", ""target_audience"": """"}, ""taxonomy"": [{""level"": 1, ""product_type"": ""Serving Tray"", ""rank"": 1}], ""title"": ""Large Bamboo Serving Tray with Handles - 15\"" x 10\"" - Natural Eco-Friendly Wooden Tray for Food, Breakfast, Coffee Table, Party, Ottoman - Elegant & Lightweight Rectangular Serving Platter""}","{""confidence"": 0.92, ""primary_use"": ""food and beverage serving"", ""reasoning"": ""This is clearly a serving tray with the primary function of carrying and presenting food/drinks. The product name, taxonomy (\""Serving Trays\""), and top-ranked use case (\""Serving Food/Drinks\"") all confirm this. While it has secondary uses like decoration, the core purpose is serving.""}","{""primary_use"": ""Food and drink serving""}","{""end"": 1769382437.999, ""start"": 1769382437.875}","{""asin"": ""B09LCKZBTW"", ""brand_name"": ""WEBACOO"", ""module_id"": ""m09"", ""split"": ""train"", ""version"": ""v1.1""}",,,B09LCKZBTW,WEBACOO,food and beverage serving,"This is clearly a serving tray with the primary function of carrying and presenting food/drinks. The product name, taxonomy (""Serving Trays""), and top-ranked use case (""Serving Food/Drinks"") all confirm this. While it has secondary uses like decoration, the core purpose is serving."
eval,"{""attribute_table"": [{""attribute_type"": ""Variant"", ""attribute_value"": ""11-inch Scale"", ""rank"": 1}, {""attribute_type"": ""Variant"", ""attribute_value"": ""Robot-to-Truck Conversion"", ""rank"": 2}, {""attribute_type"": ""Variant"", ""attribute_value"": ""6-Step Conversion"", ""rank"": 3}, {""attribute_type"": ""Variant"", ""attribute_value"": ""Cyber Commander Series"", ""rank"": 4}, {""attribute_type"": ""Variant"", ""attribute_value"": ""Optimus Prime Character"", ""rank"": 5}, {""attribute_type"": ""Use Case"", ""attribute_value"": ""Imaginative Play"", ""rank"": 1}, {""attribute_type"": ""Use Case"", ""attribute_value"": ""Collection"", ""rank"": 2}, {""attribute_type"": ""Audience"", ""attribute_value"": ""Children (5+)"", ""rank"": 1}, {""attribute_type"": ""Audience"", ""attribute_value"": ""Transformers Fans"", ""rank"": 2}], ""bullet_points"": ""11\"" scale figure features classic Transformers conversion\nRobot-to-truck conversion takes this heroic leader from Transformers robot mode to iconic truck mode\n6-step simple conversion\nCyber Commander Series"", ""description"": ""Bring home the excitement of Transformers robots with this Cyber Commander series Optimus Prime figure! The Transformers are sentient robots from the distant planet, Cybertron. Two factions, the heroic Autobots and the evil Decepticons are in an ever-raging battle. The legendary Autobot leader, Optimus Prime, fights to defend all life, while his nemesis, the merciless Decepticon leader, Megatron, fights to destroy it. This timeless 11-inch scale Transformers Optimus Prime figure is essential when starting a Transformers toy collection. Featuring classic Transformers conversion for kids 6 and up, kids can change this Optimus Prime action figure from toy robot to toy truck in 6 easy steps. Collect other Cyber Commander Series figures so kids can create their own Autobot vs. Decepticon battles and imagine Optimus Prime leading the heroic Autobots against the evil Decepticons! (Each sold separately. Subject to availability). Transformers and all related characters are trademarks of Hasbro."", ""product_attributes"": {""category_root"": ""Toys & Games"", ""category_sub"": ""Action Figures, Collectible Toys"", ""color"": ""Blue, Red, Gray"", ""included_components"": ""Figure and on-pack instructions."", ""item_form"": """", ""material"": ""Plastic"", ""model"": ""C2001"", ""number_of_items"": ""1"", ""product_type"": ""TOY_FIGURE"", ""size"": ""11 inch(Pack of 1)"", ""specific_uses"": """", ""style"": ""Action Figure"", ""target_audience"": ""boys""}, ""taxonomy"": [{""level"": 1, ""product_type"": ""Transformer / Converting Robot Toy"", ""rank"": 1}, {""level"": 2, ""product_type"": ""Action Figure"", ""rank"": 2}, {""level"": 3, ""product_type"": ""Toys / Collectible Toy"", ""rank"": 3}], ""title"": ""Transformers: Cyber Commander Series Optimus Prime""}","{""confidence"": 0.88, ""primary_use"": ""transforming robot toy play"", ""reasoning"": ""This is a Transformers action figure designed for children's imaginative play. The core function is providing a toy that transforms between robot and truck modes for play scenarios. While it could be collected, the primary taxonomy shows \""Transformer / Converting Robot Toy\"" and the description emphasizes play activities like \""create their own Autobot vs. Decepticon battles\"" and \""imagine Optimus Prime leading.\"" The transformation feature is the defining characteristic that separates this from regular action figures.""}","{""primary_use"": ""Transforming robot imaginative play""}","{""end"": 1769382437.977, ""start"": 1769382437.871}","{""asin"": ""B077YYP739"", ""brand_name"": ""Transformers"", ""module_id"": ""m09"", ""split"": ""train"", ""version"": ""v1.1""}",,,B077YYP739,Transformers,transforming robot toy play,"This is a Transformers action figure designed for children's imaginative play. The core function is providing a toy that transforms between robot and truck modes for play scenarios. While it could be collected, the primary taxonomy shows ""Transformer / Converting Robot Toy"" and the description emphasizes play activities like ""create their own Autobot vs. Decepticon battles"" and ""imagine Optimus Prime leading."" The transformation feature is the defining characteristic that separates this from regular action figures."
