name,input,output,expected,metrics,ASIN,Brand,GoldenDataset
eval,"{""brand_name"":""JBL""}","{""variations"":[""JBL"",""jbl"",""J.B.L."",""J B L"",""JNL"",""JVL"",""KBL"",""JLB"",""JBBL""]}","{""variations"":[""JBL"",""jbl"",""Jbl"",""J-B-L"",""JBL-"",""JBL."",""JBLl"",""JBLK"",""JBLQ"",""JBLT"",""JBLX"",""JBLZ""]}","{""cached"":null,""duration"":41.77900004386902,""llm_duration"":41.77300000190735,""time_to_first_token"":41.375,""prompt_tokens"":1111,""completion_tokens"":2037}",B0BQPGJ9LQ,JBL,False
eval,"{""brand_name"":""Owala""}","{""variations"":[""Owala"",""owala"",""OWALA"",""O-wala"",""Owla"",""Owalla"",""Ohwala"",""Owsla"",""Owalq"",""Oqala""]}","{""variations"":[""Owala"",""owala"",""O-wala"",""Owla"",""Ohwala"",""Owsla"",""Owalaa"",""Owalla"",""Owalq"",""Owal"",""Owaala"",""Owalas""]}","{""cached"":null,""duration"":31.55999994277954,""llm_duration"":31.556999921798706,""time_to_first_token"":31.246999979019165,""prompt_tokens"":1113,""completion_tokens"":1717}",B0BZYCJK89,Owala,False
eval,"{""brand_name"":""Cisily""}","{""variations"":[""Cisily"",""cisily"",""CISILY"",""Cosily"",""Cidily"",""Cisilu"",""Cicily"",""Sicily"",""Cisilly""]}","{""variations"":[""Cisily"",""cisily"",""Cisly"",""Cicily"",""Cisilyy"",""Cisilyi"",""Cisilyo"",""Cisilyu"",""Cisilyt"",""Cisily-""]}","{""cached"":null,""duration"":85.81500005722046,""llm_duration"":85.80900001525879,""time_to_first_token"":85.35800004005432,""prompt_tokens"":1113,""completion_tokens"":3512}",B0CJ4WZXQF,Cisily,False
eval,"{""brand_name"":""Pioneer Camp""}","{""variations"":[""Pioneer Camp"",""pioneer camp"",""PioneerCamp"",""Pioneer-Camp"",""Pioneer"",""Pioneet Camp"",""Pioneer Canp"",""Pipneer Camp"",""Pioner Camp"",""Pioneer Kamp"",""Pioneerr Camp""]}","{""variations"":[""Pioneer Camp"",""pioneer camp"",""PioneerCamp"",""Pioneer-Camp"",""Pioneer"",""Pioner Camp"",""Pioneere Camp"",""Pioneer Cmap"",""Pionner Camp"",""Pioneer Cemp"",""Pioner Cmap""]}","{""cached"":null,""duration"":52.29200005531311,""llm_duration"":52.28700017929077,""time_to_first_token"":51.901999950408936,""prompt_tokens"":1113,""completion_tokens"":2816}",B0D6YNWLTS,Pioneer Camp,False
eval,"{""brand_name"":""Jikasho""}","{""variations"":[""Jikasho"",""jikasho"",""JIKASHO"",""Ji-kasho"",""Jukasho"",""Jokasho"",""Jilasho"",""Jicasho"",""Jikashoo"",""Jikaso""]}","{""variations"":[""Jikasho"",""jikasho"",""Jikash"",""Jikashoo"",""Jikashu"",""Jikashp"",""Jikash0"",""Jikashow"",""Jikashos""]}","{""cached"":null,""duration"":41.508999824523926,""llm_duration"":41.50399994850159,""time_to_first_token"":37.342000007629395,""prompt_tokens"":1115,""completion_tokens"":2116}",B0DSHWLXG6,Jikasho,False
eval,"{""brand_name"":""Antarctic Star""}","{""variations"":[""Antarctic Star"",""antarctic star"",""AntarcticStar"",""Antarctic-Star"",""Antarctic"",""Antarctoc Star"",""Antarctix Star"",""Antartic Star"",""Antarcic Star"",""Antarctic Starr""]}","{""variations"":[""Antarctic Star"",""antarctic star"",""AntarcticStar"",""Antarctic-Star"",""Antarctic"",""Antartic Star"",""Antarctik Star"",""Antrctic Star"",""Antarctic Staar"",""Antarctic Stsr"",""Antarctic Str""]}","{""cached"":null,""duration"":48.71500015258789,""llm_duration"":48.712000131607056,""time_to_first_token"":47.71199989318848,""prompt_tokens"":1113,""completion_tokens"":2314}",B0F42MT8JX,Antarctic Star,False
eval,"{""brand_name"":""REVLON""}","{""variations"":[""REVLON"",""revlon"",""Revlon"",""REVKON"",""REBLON"",""REVLOM"",""Revelon"",""Revolon"",""Revlone""]}","{""variations"":[""REVLON"",""RREVLON"",""RVLON"",""RECLON"",""REVPON"",""REVLOJ"",""RSVLON"",""ERVLON"",""Revlon"",""REVLLN""]}","{""cached"":null,""duration"":54.29200005531311,""llm_duration"":54.28800010681152,""time_to_first_token"":53.95700001716614,""prompt_tokens"":1115,""completion_tokens"":2994}",B000H3I2JG,REVLON,False
eval,"{""brand_name"":""KitchenAid""}","{""variations"":[""KitchenAid"",""kitchenaid"",""Kitchen Aid"",""Kitchen-Aid"",""JitchenAid"",""KitxhenAid"",""KitchenAod"",""KicthenAid"",""Kitchenaide"",""Kitchen Aide""]}","{""variations"":[""KitchenAid"",""KITCHENAID"",""KitchenAis"",""Kitchenaid"",""KutchenAid"",""kitchenaid"",""KitchwnAid"",""KitcyenAid"",""KtchenAid"",""KitdhenAid""]}","{""cached"":null,""duration"":48.420000076293945,""llm_duration"":48.41600012779236,""time_to_first_token"":47.90400004386902,""prompt_tokens"":1113,""completion_tokens"":2424}",B08J8GZXKZ,KitchenAid,False
eval,"{""brand_name"":""WEBACOO""}","{""variations"":[""WEBACOO"",""webacoo"",""Webacoo"",""Weba-coo"",""WEBAVOO"",""WEBACOP"",""WENACOO"",""WEBAKOO"",""WEBACO"",""WEEBACOO""]}","{""variations"":[""WEBACOO"",""webacoo"",""Webacoo"",""Web-Acoo"",""WBAOO"",""WEBACOOO"",""WBAKOO"",""WABACOO"",""WBAKCOO""]}","{""cached"":null,""duration"":38.47000002861023,""llm_duration"":38.46500015258789,""time_to_first_token"":37.90999984741211,""prompt_tokens"":1115,""completion_tokens"":2043}",B09LCKZBTW,WEBACOO,False
eval,"{""brand_name"":""Transformers""}","{""variations"":[""Transformers"",""transformers"",""TRANSFORMERS"",""Trans-formers"",""Tramsformers"",""Transgormers"",""Transforners"",""Tranformers"",""Transfomers"",""Transformer""]}","{""variations"":[""Transformers"",""transformers"",""Transfomers"",""Tranfomers"",""Tramsformers"",""Transfomrers"",""Transformerss"",""Trensformers""]}","{""cached"":null,""duration"":58.37000012397766,""llm_duration"":58.36500000953674,""time_to_first_token"":57.401999950408936,""prompt_tokens"":1111,""completion_tokens"":2227}",B077YYP739,Transformers,False
eval,"{""brand_name"":""Rx Crush""}","{""variations"":[""Rx Crush"",""rx crush"",""RxCrush"",""Rx-Crush"",""Rx"",""Rz Crush"",""Rx Crsuh"",""Rx Krush"",""Rx Cruch"",""Rx Crussh""]}","{""variations"":[""Rx Crush"",""rx crush"",""RxCrush"",""Rx-Crush"",""Rx"",""Rz Crush"",""Rx Crusch"",""Rx Crsh"",""Rz Crsh"",""Rx Crushh"",""Rxcush"",""Rxcroshe""]}","{""cached"":null,""duration"":51.90599989891052,""llm_duration"":51.90299987792969,""time_to_first_token"":51.53400015830994,""prompt_tokens"":1113,""completion_tokens"":2868}",B0CVQJY9C6,Rx Crush,False
eval,"{""brand_name"":""iOttie""}","{""variations"":[""iOttie"",""iottie"",""IOTTIE"",""i-Ottie"",""uOttie"",""iPttie"",""iOytie"",""iOtie"",""iOtti"",""iOtty""]}","{""variations"":[""iOttie"",""iotie"",""IottIe"",""i-Ottie"",""iOttiee"",""iOtty"",""iOtte"",""iOty"",""iOtite"",""iOtti"",""iOttee""]}","{""cached"":null,""duration"":54.414000034332275,""llm_duration"":54.40899991989136,""time_to_first_token"":53.842000007629395,""prompt_tokens"":1115,""completion_tokens"":2435}",B0875RKTQF,iOttie,False
eval,"{""brand_name"":""Apple""}","{""variations"":[""Apple"",""apple"",""APPLE"",""Qpple"",""Aople"",""Appke"",""Aple"",""Appel"",""Appple""]}","{""variations"":[""Apple"",""apple"",""Appl"",""Ap-ple"",""Applle"",""Aple"",""Aplle"",""Apl"",""Applw"",""Applr"",""Aplp""]}","{""cached"":null,""duration"":61.2260000705719,""llm_duration"":61.223000049591064,""time_to_first_token"":60.884000062942505,""prompt_tokens"":1111,""completion_tokens"":3120}",B0D1XD1ZV3,Apple,False
eval,"{""brand_name"":""THERMOS""}","{""variations"":[""THERMOS"",""thermos"",""Thermos"",""THERNOS"",""THERMPS"",""THERMIS"",""Termos"",""Thermmos"",""Thermoss""]}","{""variations"":[""THERMOS"",""thermos"",""Thermos"",""Thermo"",""Thrmoss"",""Thermoss"",""Therm0s"",""Therm0"",""Thermosy"",""Thermose""]}","{""cached"":null,""duration"":66.52900004386902,""llm_duration"":66.52500009536743,""time_to_first_token"":66.07999992370605,""prompt_tokens"":1115,""completion_tokens"":3638}",B07XYRS34W,THERMOS,False
eval,"{""brand_name"":""OXO""}","{""variations"":[""OXO"",""oxo"",""Oxo"",""O-X-O"",""O X O"",""OZO"",""OCO"",""OXP"",""OXXO"",""OXOO""]}","{""variations"":[""OXO"",""oxo"",""Oxo"",""PXO"",""ODO"",""OXP"",""OO"",""OOXO"",""XOO"",""OSO""]}","{""cached"":null,""duration"":41.450000047683716,""llm_duration"":41.44700002670288,""time_to_first_token"":41.02800011634827,""prompt_tokens"":1113,""completion_tokens"":1784}",B01N06UEH4,OXO,False
eval,"{""brand_name"":""The North Face""}","{""variations"":[""The North Face"",""the north face"",""TheNorthFace"",""The-North-Face"",""The Nprth Face"",""The Nirth Face"",""The North Fave"",""The Nort Face"",""The North Fase"",""The North Phace""]}","{""variations"":[""The North Face"",""The Morth Face"",""The North Fqce"",""The Noryh Face"",""TheNorthFace"",""The Nortj Face"",""The Nprth Face"",""THE NORTH FACE"",""Thw North Face"",""The Nodth Face""]}","{""cached"":null,""duration"":102.27999997138977,""llm_duration"":102.27600002288818,""time_to_first_token"":101.70600008964539,""prompt_tokens"":1115,""completion_tokens"":3774}",B0DRDVV2GY,The North Face,False
eval,"{""brand_name"":""Frigidaire""}","{""variations"":[""Frigidaire"",""frigidaire"",""FRIGIDAIRE"",""Frigid-aire"",""Ftigidaire"",""Frigidaore"",""Frihidaire"",""Frigidair"",""Fridgidaire"",""Frigidare""]}","{""variations"":[""Frigidaire"",""frigidaire"",""Frigidaer"",""Frigidare"",""Frigidaie"",""Frigidairee"",""Frigedaire"",""Frigidaire-"",""Frigidaire ""]}","{""cached"":null,""duration"":75.2829999923706,""llm_duration"":75.27799987792969,""time_to_first_token"":74.39499998092651,""prompt_tokens"":1115,""completion_tokens"":3393}",B07JBJWP2W,Frigidaire,False
eval,"{""brand_name"":""Clinique""}","{""variations"":[""Clinique"",""clinique"",""CLINIQUE"",""Cli-nique"",""Clonique"",""Climique"",""Cliniwue"",""Clinque"",""Clinnique"",""Cliniqe""]}","{""variations"":[""Clinique"",""clinique"",""Clinque"",""Cliniq"",""Cliniqu"",""Cliniquw"",""Cllinque"",""Clinquee"",""Cliniqie"",""Cliniqeu""]}","{""cached"":null,""duration"":59.65900015830994,""llm_duration"":59.65400004386902,""time_to_first_token"":59.06100010871887,""prompt_tokens"":1113,""completion_tokens"":2628}",B00021VQJG,Clinique,False
eval,"{""brand_name"":""Big Red House""}","{""variations"":[""Big Red House"",""big red house"",""BigRedHouse"",""Big-Red-House"",""Bug Red House"",""Big Red Houde"",""Bog Red House"",""Bigg Red House"",""Big Red Hous"",""Big Red Houze""]}","{""variations"":[""Big Red House"",""big red house"",""BigRedHouse"",""Big-Red-House"",""Big"",""Big Red Hous"",""Big Redd House"",""Big Red Hoose""]}","{""cached"":null,""duration"":42.96000003814697,""llm_duration"":42.956000089645386,""time_to_first_token"":42.438000202178955,""prompt_tokens"":1115,""completion_tokens"":2109}",B07C1JJQKH,Big Red House,False
eval,"{""brand_name"":""Lenox""}","{""variations"":[""Lenox"",""lenox"",""LENOX"",""Le-nox"",""Kenox"",""Lemox"",""Lenix"",""Lennox"",""Lenoks"",""Leenox""]}","{""variations"":[""Lenox"",""lenox"",""Lennox"",""Leno"",""Lenoex"",""Lenoxx"",""Lenoq"",""Lenoz"",""Lennoxx"",""Lenooc""]}","{""cached"":null,""duration"":58.925999879837036,""llm_duration"":58.92199993133545,""time_to_first_token"":58.371999979019165,""prompt_tokens"":1113,""completion_tokens"":1980}",B0BLR15STT,Lenox,False
eval,"{""brand_name"":""McFarlane Toys""}","{""variations"":[""McFarlane Toys"",""mcfarlane toys"",""McFarlaneToys"",""McFarlane-Toys"",""McFarlane"",""MdFarlane Toys"",""McRarlane Toys"",""McFarlane Goys"",""MacFarlane Toys"",""McFarland Toys"",""McFarlene Toys""]}","{""variations"":[""McFarlane Toys"",""mcfarlane toys"",""McFarlaneToys"",""McFarlane-Toys"",""McFarlane"",""McFarlene Toys"",""McFarlane Toyz"",""Mcfarlane Tooys"",""McFarlane Tys"",""Mcfarlane Toy"",""McFarlain Toys""]}","{""cached"":null,""duration"":41.60700011253357,""llm_duration"":41.6029999256134,""time_to_first_token"":40.890000104904175,""prompt_tokens"":1119,""completion_tokens"":2587}",B0D4XRVG7H,McFarlane Toys,False
eval,"{""brand_name"":""Vesco Medical""}","{""variations"":[""Vesco Medical"",""vesco medical"",""VescoMedical"",""Vesco-Medical"",""Vesco"",""Besco Medical"",""Vesco Medocal"",""Vexco Medical"",""Vesko Medical"",""Vesco Medikal""]}","{""variations"":[""Vesco Medical"",""vesco medical"",""VescoMedical"",""Vesco-Medical"",""Vesco"",""Vesko Medical"",""Vescco Medical"",""Vesco Medcal"",""Vesko Medikal"",""Vesco Medicl"",""Vesco Medica"",""Vesco Medicaal""]}","{""cached"":null,""duration"":27.996999979019165,""llm_duration"":27.991999864578247,""time_to_first_token"":27.48800015449524,""prompt_tokens"":1115,""completion_tokens"":1659}",B0DMSW3V8B,Vesco Medical,False
eval,"{""brand_name"":""MYHELP""}","{""variations"":[""MYHELP"",""myhelp"",""MyHelp"",""my help"",""NYHELP"",""MYJELP"",""MYHELO"",""MYHELLP"",""MYHELPP"",""MIHELP""]}","{""variations"":[""MYHELP"",""myhelp"",""MyHelp"",""MY-HELP"",""My-Help"",""MHELP"",""MYHELPD"",""MHELPD"",""MYPHELP"",""MYHLP""]}","{""cached"":null,""duration"":63.50999999046326,""llm_duration"":63.50399994850159,""time_to_first_token"":63.06400012969971,""prompt_tokens"":1113,""completion_tokens"":3761}",B0DF891X52,MYHELP,False
eval,"{""brand_name"":""Binmotor""}","{""variations"":[""Binmotor"",""binmotor"",""BINMOTOR"",""Bin-motor"",""Bunmotor"",""Bonmotor"",""Bimmotor"",""Binmoter"",""Binmotar"",""Bimotor""]}","{""variations"":[""Binmotor"",""binmotor"",""BinMotor"",""Bin-motor"",""B"",""Bimotor"",""Binmotr"",""Bimnotor"",""Binmoto"",""Binnmotor"",""Bimnator""]}","{""cached"":null,""duration"":46.41699981689453,""llm_duration"":46.41199994087219,""time_to_first_token"":45.95099997520447,""prompt_tokens"":1113,""completion_tokens"":3261}",B0D1BBXCST,Binmotor,False
eval,"{""brand_name"":""VAHOIALD""}","{""variations"":[""VAHOIALD"",""vahoiald"",""Vahoiald"",""BAHOIALD"",""VAGOIALD"",""VAHPIALD"",""VAHOAILD"",""VAHOOIALD"",""VAHOIAL""]}","{""variations"":[""VAHOIALD"",""VSHOIALD"",""VVAHOIALD"",""GAHOIALD"",""VAHOISLD"",""VAHOOALD"",""VAGOIALD"",""vahoiald"",""VHOIALD"",""Vahoiald""]}","{""cached"":null,""duration"":47.075000047683716,""llm_duration"":47.07099986076355,""time_to_first_token"":46.2720000743866,""prompt_tokens"":1117,""completion_tokens"":3206}",B0FS1JP2WV,VAHOIALD,False
eval,"{""brand_name"":""SnailBread""}","{""variations"":[""SnailBread"",""snailbread"",""Snail Bread"",""Snail-Bread"",""Snail"",""SmailBread"",""SnaikBread"",""SnailBrwad"",""SnialBread"",""SnailBred""]}","{""variations"":[""SnailBread"",""snailbread"",""Snailbread"",""Snail-Bread"",""Snail"",""SnaillBread"",""SnailBred"",""SnailBreaad"",""SnaillBred"",""SnailBrd"",""SnailBrea""]}","{""cached"":null,""duration"":57.329999923706055,""llm_duration"":57.32699990272522,""time_to_first_token"":56.723999977111816,""prompt_tokens"":1115,""completion_tokens"":3075}",B0D83SD1ZP,SnailBread,False
eval,"{""brand_name"":""LCWRGS""}","{""variations"":[""LCWRGS"",""lcwrgs"",""Lcwrgs"",""L C W R G S"",""LXWRGS"",""LCWRHS"",""LCWTGS"",""LKWRGS"",""LCWRGZ"",""LCWGRS""]}","{""variations"":[""LCWRGS"",""lcwrgs"",""L-C-W-R-G-S"",""LCRWGS"",""LCRGS"",""LCWRS"",""LCWRG"",""LCWRGZ"",""LCWRGSs"",""LCRG"",""LCRGZ""]}","{""cached"":null,""duration"":54.56399989128113,""llm_duration"":54.55900001525879,""time_to_first_token"":53.580000162124634,""prompt_tokens"":1115,""completion_tokens"":3387}",B0BYNPFQQ9,LCWRGS,False
eval,"{""brand_name"":""MiiKARE""}","{""variations"":[""MiiKARE"",""miikare"",""MIIKARE"",""Miikare"",""MuiKARE"",""MioKARE"",""MiiJARE"",""MiKARE"",""MeeKARE"",""MiiCARE""]}","{""variations"":[""MiiKARE"",""miikare"",""MiiKare"",""Mii-KARE"",""Mii"",""MiiKAREE"",""MiiKAR"",""MiiKAREY"",""MiiKARET"",""MiiKARED""]}","{""cached"":null,""duration"":44.16100001335144,""llm_duration"":44.15700006484985,""time_to_first_token"":43.12400007247925,""prompt_tokens"":1117,""completion_tokens"":2746}",B0F4XFLDBP,MiiKARE,False
eval,"{""brand_name"":""Sony""}","{""variations"":[""Sony"",""sony"",""SONY"",""Siny"",""Spny"",""Soby"",""Sonny"",""Soney"",""Soni""]}","{""variations"":[""Sony"",""Sonh"",""SSony"",""oSny"",""SONY"",""Sojy"",""Skny"",""sony"",""cony"",""Sny""]}","{""cached"":null,""duration"":47.139999866485596,""llm_duration"":47.13599991798401,""time_to_first_token"":46.42799997329712,""prompt_tokens"":1111,""completion_tokens"":2288}",B0D9R4GYTN,Sony,False
eval,"{""brand_name"":""YETI""}","{""variations"":[""YETI"",""yeti"",""Yeti"",""Y E T I"",""YRTI"",""YETU"",""TETI"",""Yetti"",""Yeeti"",""Yetee""]}","{""variations"":[""YETI"",""ieETI"",""UETI"",""Yeti"",""YETU"",""YYETI"",""EYTI"",""YEGI"",""YTI"",""yeti""]}","{""cached"":null,""duration"":66.06900000572205,""llm_duration"":66.06299996376038,""time_to_first_token"":65.46300005912781,""prompt_tokens"":1115,""completion_tokens"":3261}",B0C795M7ZN,YETI,False
eval,"{""brand_name"":""Amazon Basics""}","{""variations"":[""Amazon Basics"",""amazon basics"",""AmazonBasics"",""Amazon-Basics"",""Amazon"",""Amaxon Basics"",""Amazom Basics"",""Amazon Basocs"",""Amason Basics"",""Amazone Basics""]}","{""variations"":[""Amazon Basics"",""amazon basics"",""AmazonBasics"",""Amazon-Basics"",""Amazon"",""Amazom Basics"",""Amazn Basics"",""Amzon Basics"",""Amazn Basiks"",""Amon Basics"",""Amazom Basiks""]}","{""cached"":null,""duration"":38.39699983596802,""llm_duration"":38.39299988746643,""time_to_first_token"":38.04200005531311,""prompt_tokens"":1113,""completion_tokens"":2562}",B07XYN2GFR,Amazon Basics,False
eval,"{""brand_name"":""Columbia""}","{""variations"":[""Columbia"",""columbia"",""COLUMBIA"",""Colunbia"",""Columvia"",""Volumbia"",""Colombia"",""Kolumbia"",""Collumbia"",""Colmbia""]}","{""variations"":[""Columbia"",""columbia"",""Columbian"",""Columby"",""Columiba"",""Columvia"",""Columblia"",""Columbyia"",""Columvbia"",""Columvya""]}","{""cached"":null,""duration"":45.501999855041504,""llm_duration"":45.496999979019165,""time_to_first_token"":45.092000007629395,""prompt_tokens"":1111,""completion_tokens"":2481}",B0DWX9HVK5,Columbia,False
eval,"{""brand_name"":""Scotsman""}","{""variations"":[""Scotsman"",""scotsman"",""SCOTSMAN"",""Scots man"",""Scitsman"",""Scptsman"",""Sxotsman"",""Scottsman"",""Skotsman"",""Scotsmann""]}","{""variations"":[""Scotsman"",""Scotsnan"",""Sxotsman"",""Scotsmsn"",""Scptsman"",""SScotsman"",""Scotwman"",""Xcotsman"",""Sotsman"",""SCOTSMAN""]}","{""cached"":null,""duration"":52.09500002861023,""llm_duration"":52.09100008010864,""time_to_first_token"":51.50999999046326,""prompt_tokens"":1113,""completion_tokens"":2179}",B0107O5QR0,Scotsman,False
eval,"{""brand_name"":""L'Oreal Paris""}","{""variations"":[""L'Oreal Paris"",""l'oreal paris"",""L'OrealParis"",""L'Oreal-Paris"",""L'Oreal"",""L'Ireal Paris"",""L'Orwal Paris"",""L'Oreal Oaris"",""Loreal Paris"",""L'Or√©al Paris""]}","{""variations"":[""L'Oreal Paris"",""l'oreal paris"",""LorealParis"",""L'Oreal-Paris"",""L'Oreal"",""Lorel Paris"",""L'Oreal Pairs"",""L'Oreal Pariss"",""L'oreal Pairs"",""L'Oreal Pariz"",""L'Oreal Parris"",""L'Oreal Pary""]}","{""cached"":null,""duration"":48.164000034332275,""llm_duration"":48.15899991989136,""time_to_first_token"":46.611000061035156,""prompt_tokens"":1117,""completion_tokens"":2827}",B004BD0YI0,L'Oreal Paris,False
eval,"{""brand_name"":""Godinger""}","{""variations"":[""Godinger"",""godinger"",""GODINGER"",""Go-dinger"",""Fodinger"",""Hodinger"",""Godonger"",""Goodinger"",""Godingger"",""Godiner""]}","{""variations"":[""Godinger"",""Godinter"",""Gofinger"",""GODINGER"",""Fodinger"",""oGdinger"",""Godknger"",""Godingdr"",""godinger"",""Godinged""]}","{""cached"":null,""duration"":58.84600019454956,""llm_duration"":58.842000007629395,""time_to_first_token"":58.29299998283386,""prompt_tokens"":1113,""completion_tokens"":3005}",B08P5FWPXG,Godinger,False
eval,"{""brand_name"":""NECA""}","{""variations"":[""NECA"",""neca"",""Neca"",""N.E.C.A."",""N E C A"",""MECA"",""NEXA"",""NECS"",""NEKA"",""NECCA""]}","{""variations"":[""NECA"",""neca"",""NECA Inc"",""Neca"",""N3CA"",""NEC4"",""NEC"",""Nekka""]}","{""cached"":null,""duration"":41.269999980926514,""llm_duration"":41.26400017738342,""time_to_first_token"":40.942999839782715,""prompt_tokens"":1113,""completion_tokens"":2555}",B00K5OLP1O,NECA,False
eval,"{""brand_name"":""BH SUPPLIES""}","{""variations"":[""BH SUPPLIES"",""bh supplies"",""BHSupplies"",""BH-SUPPLIES"",""BH"",""BH SYPPLIES"",""BJ SUPPLIES"",""BH SUOPLIES"",""BH SUPLIES"",""BH SUPPLYS""]}","{""variations"":[""BH SUPPLIES"",""bh supplies"",""BHsupplies"",""BH-SUPPLIES"",""BH"",""BH SUPPLY"",""BH SUPPLIESs"",""BH SUPPLIESD""]}","{""cached"":null,""duration"":77.51199984550476,""llm_duration"":77.50600004196167,""time_to_first_token"":76.89999985694885,""prompt_tokens"":1117,""completion_tokens"":4222}",B08H5P91VJ,BH SUPPLIES,False
eval,"{""brand_name"":""GINOWY""}","{""variations"":[""GINOWY"",""ginowy"",""Ginowy"",""GUNOWY"",""GIMOWY"",""GINOWU"",""Ginnowy"",""Genowy"",""Ginowi""]}","{""variations"":[""GINOWY"",""ginowy"",""GinoWy"",""Gino-Wy"",""Gino"",""Ginooy"",""GINOW"",""GINOWI"",""GinoW"",""GinoWey"",""GinoWii""]}","{""cached"":null,""duration"":54.7720000743866,""llm_duration"":54.76699995994568,""time_to_first_token"":54.335999965667725,""prompt_tokens"":1117,""completion_tokens"":3002}",B0DK1D6VCP,GINOWY,False
eval,"{""brand_name"":""Krlun""}","{""variations"":[""Krlun"",""krlun"",""KRLUN"",""K-rlun"",""Kelun"",""Ktlun"",""Krlin"",""Krllun"",""Krlunn"",""Crlun""]}","{""variations"":[""Krlun"",""krlun"",""KRLUN"",""Krlun-"",""Krlun "",""Krlunw"",""Krlunm"",""Krlunq""]}","{""cached"":null,""duration"":56.986000061035156,""llm_duration"":56.98300004005432,""time_to_first_token"":56.526000022888184,""prompt_tokens"":1115,""completion_tokens"":2930}",B0FY37Z5L7,Krlun,False
eval,"{""brand_name"":""FYY""}","{""variations"":[""FYY"",""fyy"",""Fyy"",""F Y Y"",""DYY"",""FYT"",""FYG"",""FY"",""FYYY""]}","{""variations"":[""FYY"",""fyy"",""Fyy"",""F-Y-Y"",""FYY-"",""FYY "",""Fy"",""FYYy"",""FYYi"",""FYYo"",""FYYu""]}","{""cached"":null,""duration"":52.98699998855591,""llm_duration"":52.98399996757507,""time_to_first_token"":51.77800011634827,""prompt_tokens"":1113,""completion_tokens"":2482}",B0DB74W8BN,FYY,False
eval,"{""brand_name"":""OHIYO""}","{""variations"":[""OHIYO"",""ohiyo"",""Ohiyo"",""O H I Y O"",""OHUYO"",""OJIYO"",""OGIYO"",""Ohio"",""Ohiyoo"",""Ohijo""]}","{""variations"":[""OHIYO"",""OOHIYO"",""HOIYO"",""OHIieO"",""PHIYO"",""ohiyo"",""OHIHO"",""OIYO"",""OHIYI"",""OHJYO""]}","{""cached"":null,""duration"":60.23399996757507,""llm_duration"":60.229000091552734,""time_to_first_token"":59.85300016403198,""prompt_tokens"":1115,""completion_tokens"":3061}",B0F37M8KN1,OHIYO,False
eval,"{""brand_name"":""Marsflex""}","{""variations"":[""Marsflex"",""marsflex"",""MARSFLEX"",""Mars flex"",""Narsflex"",""Marsflez"",""Marsfkex"",""Marzflex"",""Marsfflex"",""Marsfleks""]}","{""variations"":[""Marsflex"",""marsflex"",""MarsFlex"",""Mars-flex"",""Marsf"",""Marsfex"",""Marsfles"",""Marsflx"",""Marsfle"",""Marsfexx"",""Mersflex""]}","{""cached"":null,""duration"":56.51900005340576,""llm_duration"":56.51600003242493,""time_to_first_token"":55.996999979019165,""prompt_tokens"":1113,""completion_tokens"":2750}",B0DWMLXBKS,Marsflex,False
eval,"{""brand_name"":""Miracase""}","{""variations"":[""Miracase"",""miracase"",""MIRACASE"",""Mira-case"",""Moracase"",""Miraxase"",""Niracase"",""Mirakase"",""Miracaze"",""Mircase""]}","{""variations"":[""Miracase"",""Mkracase"",""Mitacase"",""Miraxase"",""Mracase"",""Miracaxe"",""Miracsse"",""miracase"",""iMracase"",""Jiracase""]}","{""cached"":null,""duration"":57.42899990081787,""llm_duration"":57.426000118255615,""time_to_first_token"":56.91499996185303,""prompt_tokens"":1115,""completion_tokens"":2817}",B08B6B62QZ,Miracase,False
eval,"{""brand_name"":""Hydro Flask""}","{""variations"":[""Hydro Flask"",""hydro flask"",""HydroFlask"",""Hydro-Flask"",""Hydro"",""Gydro Flask"",""Hydri Flask"",""Hydro Flasl"",""Hydra Flask"",""Hydro Flash"",""Hydro Flaskk""]}","{""variations"":[""Hydro Flask"",""hydro flask"",""HydroFlask"",""Hydro-Flask"",""Hydro"",""Hydro Flas"",""Hidro Flask"",""Hydro Flasck"",""Hidro Flas"",""Hydro Flasq"",""Hidro Flasck""]}","{""cached"":null,""duration"":60.753000020980835,""llm_duration"":60.74799990653992,""time_to_first_token"":60.055999994277954,""prompt_tokens"":1113,""completion_tokens"":3144}",B09SQR5PJF,Hydro Flask,False
eval,"{""brand_name"":""Simple Houseware""}","{""variations"":[""Simple Houseware"",""simple houseware"",""SimpleHouseware"",""Simple-Houseware"",""Simple"",""Sinple Houseware"",""Simple Houzeware"",""Simple Jouseware"",""Simple Housewear"",""Simpel Houseware"",""Simple Housware""]}","{""variations"":[""Simple Houseware"",""simple houseware"",""SimpleHouseware"",""Simple-Houseware"",""Simple"",""Simpe Houseware"",""Simpel Houseware"",""Simpel Housware"",""Simple Housware"",""Simpel Housewre""]}","{""cached"":null,""duration"":53.884000062942505,""llm_duration"":53.88000011444092,""time_to_first_token"":53.31100010871887,""prompt_tokens"":1115,""completion_tokens"":2825}",B07D5NCHHF,Simple Houseware,False
eval,"{""brand_name"":""Patagonia""}","{""variations"":[""Patagonia"",""patagonia"",""PATAGONIA"",""Pata-gonia"",""Paragonia"",""Patagomia"",""Pataginia"",""Patagnia"",""Pattagonia"",""Patogonia""]}","{""variations"":[""Patagonia"",""Patagohia"",""Patagknia"",""PPatagonia"",""Patahonia"",""Pafagonia"",""Latagonia"",""Patqgonia"",""Ptagonia"",""aPtagonia""]}","{""cached"":null,""duration"":57.79800009727478,""llm_duration"":57.79299998283386,""time_to_first_token"":56.99799990653992,""prompt_tokens"":1111,""completion_tokens"":2801}",B0B7XV9QWD,Patagonia,False
eval,"{""brand_name"":""NewAir""}","{""variations"":[""NewAir"",""newair"",""New Air"",""New-Air"",""NeeAir"",""NewAur"",""NewAit"",""NuAir"",""NewAire"",""New Aire""]}","{""variations"":[""NewAir"",""newair"",""New-Air"",""NewAir-"",""New"",""NueAir"",""NewAair"",""NewAr"",""NuwAir"",""NewAire"",""NwAir"",""NewAyr""]}","{""cached"":null,""duration"":74.51699995994568,""llm_duration"":74.51200008392334,""time_to_first_token"":74.19400000572205,""prompt_tokens"":1113,""completion_tokens"":4142}",B077SGV77B,NewAir,False
eval,"{""brand_name"":""MAYBELLINE""}","{""variations"":[""MAYBELLINE"",""maybelline"",""Maybelline"",""May-belline"",""Maubelline"",""Mayvelline"",""Maybellime"",""Maybeline"",""Mabeline"",""Maybellene""]}","{""variations"":[""MAYBELLINE"",""MATBELLINE"",""MAYBELPINE"",""maybelline"",""Maybelline"",""MAYBRLLINE"",""MZYBELLINE"",""MAYBELLINW"",""MAYBELLIME"",""MYBELLINE""]}","{""cached"":null,""duration"":76.25600004196167,""llm_duration"":76.25099992752075,""time_to_first_token"":75.91199994087219,""prompt_tokens"":1115,""completion_tokens"":3895}",B07GX7TD34,MAYBELLINE,False
eval,"{""brand_name"":""Mikasa""}","{""variations"":[""Mikasa"",""mikasa"",""MIKASA"",""Mi-kasa"",""Mokasa"",""Mijasa"",""Milasa"",""Micasa"",""Mikassa"",""Mikaza""]}","{""variations"":[""Mikasa"",""iMkasa"",""Mikasq"",""Mimasa"",""Mjkasa"",""mikasa"",""MIKASA"",""Mikaxa"",""MMikasa"",""Mikaca""]}","{""cached"":null,""duration"":37.073999881744385,""llm_duration"":37.069000005722046,""time_to_first_token"":36.503000020980835,""prompt_tokens"":1113,""completion_tokens"":1933}",B0BM52HXV2,Mikasa,False
eval,"{""brand_name"":""Mattel""}","{""variations"":[""Mattel"",""mattel"",""MATTEL"",""Mat-tel"",""Nattel"",""Mqttel"",""Magtel"",""Matel"",""Mattle"",""Mattell""]}","{""variations"":[""Mattel"",""Jattel"",""aMttel"",""Mttel"",""Matrel"",""Mattrl"",""Msttel"",""MATTEL"",""Mattep"",""Martel""]}","{""cached"":null,""duration"":44.069000005722046,""llm_duration"":44.06400012969971,""time_to_first_token"":43.468000173568726,""prompt_tokens"":1113,""completion_tokens"":1976}",B0CPKXSL8R,Mattel,False
eval,"{""brand_name"":""BD""}","{""variations"":[""BD"",""bd"",""B.D."",""B D"",""ND"",""BF"",""DB"",""PD"",""BT""]}","{""variations"":[""BD"",""bd"",""Bd"",""GD"",""BS"",""BBD"",""DB"",""HD"",""BF"",""BX""]}","{""cached"":null,""duration"":51.638999938964844,""llm_duration"":51.634000062942505,""time_to_first_token"":51.30999994277954,""prompt_tokens"":1111,""completion_tokens"":2923}",B07SKQ53HY,BD,False
eval,"{""brand_name"":""Antaly""}","{""variations"":[""Antaly"",""antaly"",""ANTALY"",""Ant-aly"",""Anraly"",""Antaky"",""Antalu"",""Antally"",""Antali"",""Antalya""]}","{""variations"":[""Antaly"",""Antalh"",""Angaly"",""Antsly"",""nAtaly"",""Qntaly"",""ANTALY"",""AAntaly"",""Ataly"",""Antaky""]}","{""cached"":null,""duration"":54.967000007629395,""llm_duration"":54.962000131607056,""time_to_first_token"":53.585999965667725,""prompt_tokens"":1113,""completion_tokens"":2105}",B0DXFCJHQQ,Antaly,False
eval,"{""brand_name"":""RILLEC""}","{""variations"":[""RILLEC"",""rillec"",""Rillec"",""R-illec"",""RULLEC"",""RILLEX"",""RILELC"",""RILEC"",""RILLEK"",""RILLLEC""]}","{""variations"":[""RILLEC"",""rillec"",""Rillec"",""RIL-LEC"",""RIL-EC"",""RILC"",""RILIEC"",""RIL-LEK""]}","{""cached"":null,""duration"":50.29699993133545,""llm_duration"":50.29200005531311,""time_to_first_token"":49.91799998283386,""prompt_tokens"":1115,""completion_tokens"":2681}",B0FJ6TF24P,RILLEC,False
eval,"{""brand_name"":""Gtonster""}","{""variations"":[""Gtonster"",""gtonster"",""GTONSTER"",""G-tonster"",""Gronster"",""Gtinster"",""Gtomster"",""Gtoonster"",""Gtoster"",""Gtonester""]}","{""variations"":[""Gtonster"",""gtonster"",""Gtonsted"",""GTONSTER"",""Btonster"",""Gtohster"",""Gtonxter"",""Gfonster"",""Gtonsger"",""Gtonstwr""]}","{""cached"":null,""duration"":64.48699998855591,""llm_duration"":64.48300004005432,""time_to_first_token"":63.90700006484985,""prompt_tokens"":1115,""completion_tokens"":3571}",B0D9GSLZJJ,Gtonster,False
eval,"{""brand_name"":""NANYI""}","{""variations"":[""NANYI"",""nanyi"",""Nanyi"",""NAN-YI"",""BANYI"",""NABYI"",""NANYU"",""NANNY"",""NANYEE"",""NANY""]}","{""variations"":[""NANYI"",""nanyi"",""NanyI"",""NAN-YI"",""NANY"",""Nany"",""Nanyy"",""Nanyii"",""MANYI"",""NANJI"",""NANUI"",""NANYY""]}","{""cached"":null,""duration"":63.81699991226196,""llm_duration"":63.812999963760376,""time_to_first_token"":63.3510000705719,""prompt_tokens"":1115,""completion_tokens"":3263}",B0F3D5R2NS,NANYI,False
eval,"{""brand_name"":""POHILA""}","{""variations"":[""POHILA"",""pohila"",""Pohila"",""Po-hila"",""POHOLA"",""POGILA"",""PIHILA"",""POHILLA"",""POHLA"",""POILA""]}","{""variations"":[""POHILA"",""PHILA"",""OOHILA"",""pohila"",""PPOHILA"",""POHULA"",""OPHILA"",""POHILQ"",""PKHILA"",""POHIPA""]}","{""cached"":null,""duration"":42.58500003814697,""llm_duration"":42.5789999961853,""time_to_first_token"":42.246999979019165,""prompt_tokens"":1115,""completion_tokens"":2549}",B0C6SLJVSG,POHILA,False
eval,"{""brand_name"":""VANMASS""}","{""variations"":[""VANMASS"",""vanmass"",""Vanmass"",""VAN-MASS"",""BANMASS"",""VAMNASS"",""VANNASS"",""VANMAS"",""VANMAAS"",""VANMASSS""]}","{""variations"":[""VANMASS"",""VANMASZ"",""VANMSSS"",""VNMASS"",""FANMASS"",""VZNMASS"",""vanmass"",""AVNMASS"",""VVANMASS"",""Vanmass""]}","{""cached"":null,""duration"":68.13199996948242,""llm_duration"":68.1269998550415,""time_to_first_token"":67.45899987220764,""prompt_tokens"":1115,""completion_tokens"":3266}",B07G61YN8K,VANMASS,False
eval,"{""brand_name"":""Bose""}","{""variations"":[""Bose"",""bose"",""BOSE"",""Vose"",""Nose"",""Bode"",""Boze"",""Bosse"",""Bosee""]}","{""variations"":[""Bose"",""BOSE"",""BBose"",""Blse"",""Boze"",""Bse"",""Boce"",""Boss"",""bose"",""oBse""]}","{""cached"":null,""duration"":57.217000007629395,""llm_duration"":57.212000131607056,""time_to_first_token"":56.41799998283386,""prompt_tokens"":1111,""completion_tokens"":2738}",B0D8BZDPXB,Bose,False
eval,"{""brand_name"":""STANLEY""}","{""variations"":[""STANLEY"",""stanley"",""Stanley"",""STAMLEY"",""STANLET"",""WTANLEY"",""Stanly"",""Stanely"",""Stainley""]}","{""variations"":[""STANLEY"",""stanley"",""Stanley"",""Stanly"",""Stnley"",""STANLY"",""STANLEY-"",""Stnlay"",""Stnely"",""Stanlye""]}","{""cached"":null,""duration"":65.73600006103516,""llm_duration"":65.73000001907349,""time_to_first_token"":65.3050000667572,""prompt_tokens"":1115,""completion_tokens"":3767}",B0CHN5CVL6,STANLEY,False
eval,"{""brand_name"":""Mind Reader""}","{""variations"":[""Mind Reader"",""mind reader"",""MindReader"",""Mind-Reader"",""Mind"",""Nind Reader"",""Mund Reader"",""Mind Reafer"",""Mind Reeder"",""Mind Readr""]}","{""variations"":[""Mind Reader"",""mind reader"",""MindReader"",""Mind-Reader"",""Mind"",""MInd Reader"",""MInde Reader"",""Mnd Reader"",""MInd Reeder"",""Mind Reder"",""Mend Reader""]}","{""cached"":null,""duration"":34.621999979019165,""llm_duration"":34.617000102996826,""time_to_first_token"":34.24900007247925,""prompt_tokens"":1113,""completion_tokens"":2236}",B0741XXT8W,Mind Reader,False
eval,"{""brand_name"":""Arc'teryx""}","{""variations"":[""Arc'teryx"",""arc'teryx"",""ARC'TERYX"",""Arc-Teryx"",""Aec'teryx"",""Arx'teryx"",""Arc'terux"",""Arcteryx"",""Arc'terix"",""Ark'teryx""]}","{""variations"":[""Arc'teryx"",""Arc'tertx"",""AArc'teryx"",""Arc'tetyx"",""ARC'TERYX"",""Arc'twryx"",""Arc'Teryx"",""Atc'teryx"",""Arx'teryx"",""Arcteryx""]}","{""cached"":null,""duration"":54.57200002670288,""llm_duration"":54.56699991226196,""time_to_first_token"":54.03500008583069,""prompt_tokens"":1117,""completion_tokens"":2828}",B0F8W6V93G,Arc'teryx,False
eval,"{""brand_name"":""Silonn""}","{""variations"":[""Silonn"",""silonn"",""SILONN"",""Si-lonn"",""Solonn"",""Sikonn"",""Silonm"",""Silon"",""Sillonn"",""Sylonn""]}","{""variations"":[""Silonn"",""silonn"",""Silon"",""Sillonn"",""Silonm"",""Silonq"",""Silonw"",""Sillan"",""Silonnn"",""Silonh""]}","{""cached"":null,""duration"":57.003000020980835,""llm_duration"":56.99900007247925,""time_to_first_token"":56.64300012588501,""prompt_tokens"":1113,""completion_tokens"":2939}",B0BXXKFJK2,Silonn,False
eval,"{""brand_name"":""Almay""}","{""variations"":[""Almay"",""almay"",""ALMAY"",""Al-may"",""Akmay"",""Alnay"",""Almau"",""Almai"",""Allmay"",""Almey""]}","{""variations"":[""Almay"",""almay"",""Almaay"",""Almay-"",""Almays"",""Almayy"",""Almayq"",""Almayw"",""Almau"",""Almoy""]}","{""cached"":null,""duration"":50.44200015068054,""llm_duration"":50.436999797821045,""time_to_first_token"":49.96799993515015,""prompt_tokens"":1113,""completion_tokens"":2298}",B01LPRX3X2,Almay,False
eval,"{""brand_name"":""Le Creuset""}","{""variations"":[""Le Creuset"",""le creuset"",""LeCreuset"",""Le-Creuset"",""Le Crwuset"",""Le Creudet"",""Le Creuser"",""Le Cruset"",""Le Crueset"",""Le Creusset""]}","{""variations"":[""Le Creuset"",""le creuset"",""LeCreuset"",""Le-Creuset"",""Le"",""Le Cruset"",""Le Creusset"",""Le Creusett"",""Le Crueset"",""Le Creusit""]}","{""cached"":null,""duration"":55.15399980545044,""llm_duration"":55.1470000743866,""time_to_first_token"":54.68999981880188,""prompt_tokens"":1115,""completion_tokens"":2756}",B0DSLS2LWW,Le Creuset,False
eval,"{""brand_name"":""kate spade new york""}","{""variations"":[""kate spade new york"",""KATE SPADE NEW YORK"",""KateSpadeNewYork"",""Kate-Spade-New-York"",""kate"",""kqte spade new york"",""kate spade new yprk"",""kate spade bew york"",""katee spade new york"",""kate spade new yrok"",""kate spade new yorkk""]}","{""variations"":[""kate spade new york"",""kate spade newyork"",""katespade"",""kate-spade-new-york"",""kate"",""katespade new york"",""kate spade ny"",""katespade newyork""]}","{""cached"":null,""duration"":67.5329999923706,""llm_duration"":67.52600002288818,""time_to_first_token"":66.8989999294281,""prompt_tokens"":1119,""completion_tokens"":3681}",B0FY3R81S9,kate spade new york,False
eval,"{""brand_name"":""Funko""}","{""variations"":[""Funko"",""funko"",""FUNKO"",""Fun-ko"",""Funco"",""Funkoo"",""Phunko"",""Gunko"",""Fynko"",""Fumko""]}","{""variations"":[""Funko"",""funko"",""FunKo"",""Funk0"",""Funk"",""Funkko"",""Funkp"",""Funklo"",""Funkoo"",""Funkow"",""Funkos"",""Funkl""]}","{""cached"":null,""duration"":65.78900003433228,""llm_duration"":65.7829999923706,""time_to_first_token"":65.50800013542175,""prompt_tokens"":1113,""completion_tokens"":2558}",B09QFHSMTZ,Funko,False
eval,"{""brand_name"":""Monoject""}","{""variations"":[""Monoject"",""monoject"",""MONOJECT"",""Mono-ject"",""Minoject"",""Monpject"",""Monohect"",""Monojekt"",""Monject"",""Monojectt""]}","{""variations"":[""Monoject"",""monoject"",""Mono-ject"",""Monojct"",""Monject"",""Monojec"",""Monjectt"",""Mnoject"",""Monojecct""]}","{""cached"":null,""duration"":83.65500020980835,""llm_duration"":83.65100002288818,""time_to_first_token"":83.16499996185303,""prompt_tokens"":1113,""completion_tokens"":3261}",B01GOQSJ0G,Monoject,False
eval,"{""brand_name"":""MED PRIDE""}","{""variations"":[""MED PRIDE"",""med pride"",""MedPride"",""MED-PRIDE"",""Med"",""NED PRIDE"",""MED PRUDE"",""MED PRIFE"",""MED PRYDE"",""MED PRIDEE""]}","{""variations"":[""MED PRIDE"",""med pride"",""MedPride"",""Med-Pride"",""MEDPRIDE"",""Med"",""MEd PRIDE"",""MED PRID"",""MED PRIDEE"",""MED PRIDEY"",""MED PRIDEA"",""MED PRIDEW""]}","{""cached"":null,""duration"":36.9449999332428,""llm_duration"":36.93900012969971,""time_to_first_token"":36.53099989891052,""prompt_tokens"":1115,""completion_tokens"":1922}",B09PNTXRJB,MED PRIDE,False
eval,"{""brand_name"":""SAN AUTO""}","{""variations"":[""SAN AUTO"",""san auto"",""SANAUTO"",""SAN-AUTO"",""SAN"",""SAM AUTO"",""SAN AUTI"",""SAN AYTO"",""SAN ATO"",""SAN AUTOO""]}","{""variations"":[""SAN AUTO"",""san auto"",""SanAuto"",""San-Auto"",""SAN-AUTO"",""SAN"",""SAN ATO"",""SAN OTO"",""SNA AUTO"",""SAN AUT0"",""SAN ATOU"",""SNAUTO""]}","{""cached"":null,""duration"":62.812000036239624,""llm_duration"":62.807000160217285,""time_to_first_token"":62.347999811172485,""prompt_tokens"":1113,""completion_tokens"":2288}",B07PMWMDXN,SAN AUTO,False
eval,"{""brand_name"":""CAMKORY""}","{""variations"":[""CAMKORY"",""camkory"",""Camkory"",""Cam-kory"",""CAMKIRY"",""CAMKPRY"",""CANKORY"",""CAMKORI"",""CAMKORYY"",""CAMKROY""]}","{""variations"":[""CAMKORY"",""camkory"",""Camkory"",""Cam-Kory"",""CamyKory"",""CAmKORY"",""CAMKORYY"",""CAMKORY1""]}","{""cached"":null,""duration"":57.83400011062622,""llm_duration"":57.830000162124634,""time_to_first_token"":57.5699999332428,""prompt_tokens"":1115,""completion_tokens"":2873}",B0BTCZ2RR9,CAMKORY,False
eval,"{""brand_name"":""itrusou""}","{""variations"":[""itrusou"",""ITRUSOU"",""Itrusou"",""itru-sou"",""otrusou"",""irrusou"",""itruspu"",""itrsou"",""itrusouu"",""itruzou""]}","{""variations"":[""itrusou"",""itrusoj"",""itrusiu"",""ITRUSOU"",""irusou"",""itrisou"",""itruwou"",""iitrusou"",""tirusou"",""Itrusou""]}","{""cached"":null,""duration"":46.6800000667572,""llm_duration"":46.67300009727478,""time_to_first_token"":46.21600008010864,""prompt_tokens"":1115,""completion_tokens"":2691}",B0CNQYPM4L,itrusou,False
eval,"{""brand_name"":""Oerdoh""}","{""variations"":[""Oerdoh"",""oerdoh"",""OERDOH"",""Ierdoh"",""Oersoh"",""Oerdoj"",""Oerdo"",""Oerrdoh"",""Erdoh"",""Oeerdoh""]}","{""variations"":[""Oerdoh"",""Ordoh"",""Oerdih"",""Perdoh"",""oerdoh"",""Oereoh"",""eOrdoh"",""OERDOH"",""OOerdoh"",""Oerdoy""]}","{""cached"":null,""duration"":74.73900008201599,""llm_duration"":74.73199987411499,""time_to_first_token"":73.66200017929077,""prompt_tokens"":1115,""completion_tokens"":3907}",B0F3HKCFZS,Oerdoh,False
eval,"{""brand_name"":""Aeagle""}","{""variations"":[""Aeagle"",""aeagle"",""AEAGLE"",""A-eagle"",""Awagle"",""Aeahle"",""Aeagke"",""Aegle"",""Eagle"",""Aeagel""]}","{""variations"":[""Aeagle"",""aeagle"",""AEAGLE"",""Aegle"",""A-eagle"",""Aegale"",""Aeggel"",""Aeagl""]}","{""cached"":null,""duration"":81.11800003051758,""llm_duration"":81.11299991607666,""time_to_first_token"":80.69000005722046,""prompt_tokens"":1113,""completion_tokens"":2546}",B081VB2BTR,Aeagle,False
eval,"{""brand_name"":""Soundcore""}","{""variations"":[""Soundcore"",""soundcore"",""SOUNDCORE"",""Sound-core"",""Soubdcore"",""Soundxore"",""Spundcore"",""Soundkore"",""Sondcore"",""Soundcor""]}","{""variations"":[""Soundcore"",""soundcore"",""SoundCore"",""Sound-core"",""Soundc"",""Sundcore"",""Souncore"",""Sondcore"",""Souncroe"",""Soundcor"",""Souncoree"",""Sundcor""]}","{""cached"":null,""duration"":45.96000003814697,""llm_duration"":45.95599985122681,""time_to_first_token"":45.51199984550476,""prompt_tokens"":1113,""completion_tokens"":2557}",B0CRTYZG5C,Soundcore,False
eval,"{""brand_name"":""Contigo""}","{""variations"":[""Contigo"",""contigo"",""CONTIGO"",""Con-tigo"",""Vontigo"",""Conrigo"",""Contogo"",""Kontigo"",""Contego"",""Conntigo""]}","{""variations"":[""Contigo"",""contigo"",""Contigo-"",""Contig"",""Conitgo"",""Contigoe"",""Contiggo"",""Cointigo"",""Cointgo"",""Contigoa"",""Contigoo""]}","{""cached"":null,""duration"":86.625,""llm_duration"":86.62000012397766,""time_to_first_token"":86.1729998588562,""prompt_tokens"":1113,""completion_tokens"":3130}",B09RNBRTQ6,Contigo,False
eval,"{""brand_name"":""EUHOMY""}","{""variations"":[""EUHOMY"",""euhomy"",""Euhomy"",""EU HOMY"",""EUJOMY"",""EUHONY"",""EUHIMY"",""Euhommy"",""Euhomie"",""Euhomey""]}","{""variations"":[""EUHOMY"",""EYHOMY"",""EUJOMY"",""EUHOMie"",""Euhomy"",""EUHIMY"",""EUHOKY"",""EEUHOMY"",""SUHOMY"",""euhomy""]}","{""cached"":null,""duration"":66.09600019454956,""llm_duration"":66.0920000076294,""time_to_first_token"":65.69799995422363,""prompt_tokens"":1117,""completion_tokens"":3579}",B0BWHZJHPL,EUHOMY,False
eval,"{""brand_name"":""URBAN DECAY""}","{""variations"":[""URBAN DECAY"",""urban decay"",""UrbanDecay"",""Urban-Decay"",""Urban"",""Ueban Decay"",""Urban Devay"",""Urban Dexay"",""Urben Decay"",""Urban Dekay""]}","{""variations"":[""URBAN DECAY"",""urban decay"",""UrbanDecay"",""Urban-Decayed"",""Urban"",""Urben Decay"",""URBAN DEKAY"",""URBAN DICAY"",""URBN DECAY"",""URBAN DECAI"",""URBAN DEKAYE""]}","{""cached"":null,""duration"":52.932000160217285,""llm_duration"":52.92799997329712,""time_to_first_token"":52.492000102996826,""prompt_tokens"":1117,""completion_tokens"":2681}",B006Z79SBE,URBAN DECAY,False
eval,"{""brand_name"":""All-Clad""}","{""variations"":[""All-Clad"",""all-clad"",""AllClad"",""All Clad"",""Alk-Clad"",""All-Clsd"",""All-Clqd"",""Al-Clad"",""All-Cladd"",""All-Klad""]}","{""variations"":[""All-Clad"",""all-clad"",""All-Clsd"",""All-Coad"",""lAl-Clad"",""AllClad"",""All Clad"",""Al-Clad"",""Sll-Clad"",""Alk-Clad""]}","{""cached"":null,""duration"":45.8030002117157,""llm_duration"":45.79900002479553,""time_to_first_token"":44.18600010871887,""prompt_tokens"":1115,""completion_tokens"":2180}",B07V15FVX8,All-Clad,False
eval,"{""brand_name"":""Bandai Namco""}","{""variations"":[""Bandai Namco"",""bandai namco"",""BandaiNamco"",""Bandai-Namco"",""Bandai"",""Bamdai Namco"",""Bandai Nanco"",""Bandai Namxo"",""Bandai Namko"",""Banday Namco"",""Banai Namco""]}","{""variations"":[""Bandai Namco"",""bandai namco"",""BandaiNamco"",""Bandai-Namco"",""Bandai"",""Bendai Namco"",""Bandai Nambo"",""Bandai Namo"",""Bamdai Namco"",""Bandai Namcoo"",""Bandai Nanco"",""Banda Namco""]}","{""cached"":null,""duration"":45.98200011253357,""llm_duration"":45.9779999256134,""time_to_first_token"":45.395999908447266,""prompt_tokens"":1117,""completion_tokens"":2449}",B08XWPZ6F8,Bandai Namco,False
eval,"{""brand_name"":""McKesson""}","{""variations"":[""McKesson"",""mckesson"",""MCKESSON"",""Mc Kesson"",""MxKesson"",""McJesson"",""McKesspn"",""MacKesson"",""McKeson"",""McKessen""]}","{""variations"":[""McKesson"",""McKrsson"",""MKesson"",""mckesson"",""McKesskn"",""McKessoj"",""MCKESSON"",""McKedson"",""McKesaon"",""Mckesson""]}","{""cached"":null,""duration"":52.455000162124634,""llm_duration"":52.448999881744385,""time_to_first_token"":52.02900004386902,""prompt_tokens"":1115,""completion_tokens"":2680}",B00JEMGXC4,McKesson,False
eval,"{""brand_name"":""SurviveX""}","{""variations"":[""SurviveX"",""survivex"",""SURVIVEX"",""Survive X"",""SufviveX"",""SurbiveX"",""SurviveC"",""SurrviveX"",""SurvivveX"",""SurviveEx""]}","{""variations"":[""SurviveX"",""survivex"",""Survivex"",""Survive-X"",""Survive"",""SurvievX"",""SurvveX"",""Surviex"",""Survve"",""SurvveXx"",""Surviev"",""SurvveXy""]}","{""cached"":null,""duration"":101.76200008392334,""llm_duration"":101.75699996948242,""time_to_first_token"":101.48000001907349,""prompt_tokens"":1115,""completion_tokens"":3771}",B0DF4JRXH3,SurviveX,False
eval,"{""brand_name"":""VIWIK""}","{""variations"":[""VIWIK"",""viwik"",""Viwik"",""V I W I K"",""VUWIK"",""VIWOK"",""BIWIK"",""Wiwik"",""Vivik"",""Viwic""]}","{""variations"":[""VIWIK"",""viwik"",""ViWik"",""Viwik"",""Viwik-"",""Viwik "",""Viwikq"",""Viwikc"",""Viwikx"",""Viwikz"",""Viwikd""]}","{""cached"":null,""duration"":67.70000004768372,""llm_duration"":67.69400000572205,""time_to_first_token"":67.30099987983704,""prompt_tokens"":1115,""completion_tokens"":2944}",B08LV7V1TZ,VIWIK,False
eval,"{""brand_name"":""SMARTKLIK""}","{""variations"":[""SMARTKLIK"",""smartklik"",""SmartKlik"",""Smart-Klik"",""SNARTKLIK"",""SMARTJLIK"",""SMARTKLOK"",""SmartClick"",""SmartKlick"",""SmatKlik""]}","{""variations"":[""SMARTKLIK"",""smartklik"",""Smartklik"",""SMART-KLIK"",""SMAARTKLIK"",""SMARTKIK"",""SMARTKLK"",""SMATKLIK"",""SMARJKLIK"",""SMARTKLI""]}","{""cached"":null,""duration"":72.88199996948242,""llm_duration"":72.86399984359741,""time_to_first_token"":71.49200010299683,""prompt_tokens"":1115,""completion_tokens"":3009}",B0CSN9B2DF,SMARTKLIK,False
eval,"{""brand_name"":""Homelove""}","{""variations"":[""Homelove"",""homelove"",""HOMELOVE"",""Home Love"",""Himelove"",""Homelpve"",""Homelvoe"",""Homellove"",""Homelov"",""Homeluv""]}","{""variations"":[""Homelove"",""homelove"",""HomeLove"",""Home-Love"",""Home"",""Homelov"",""Homelovee"",""Homelovve""]}","{""cached"":null,""duration"":63.5,""llm_duration"":63.479000091552734,""time_to_first_token"":62.97000002861023,""prompt_tokens"":1115,""completion_tokens"":3073}",B0FG258DCG,Homelove,False
eval,"{""brand_name"":""Nectar & Nest""}","{""variations"":[""Nectar & Nest"",""nectar & nest"",""Nectar&Nest"",""Nectar-Nest"",""Nectar"",""Nextar & Nest"",""Nectar & Nwst"",""Nectat & Nest"",""Nector & Nest"",""Nectar and Nest""]}","{""variations"":[""Nectar & Nest"",""nectar & nest"",""Nectar&Nest"",""Nectar-Nest"",""Nectar"",""Nectar Nest"",""Necter & Nest"",""Nectar & Nst"",""Nectar & Nstt"",""Nectar & Nset""]}","{""cached"":null,""duration"":55.11800003051758,""llm_duration"":55.09500002861023,""time_to_first_token"":53.705000162124634,""prompt_tokens"":1115,""completion_tokens"":2817}",B0CRQQ1FQ9,Nectar & Nest,False
eval,"{""brand_name"":""A-NAFTULY""}","{""variations"":[""A-NAFTULY"",""a-naftuly"",""ANAFTULY"",""A Naftuly"",""A-NAFTILY"",""A-NAFYULY"",""A-NAFTULU"",""A-NAFTULLY"",""A-NAFTULEY"",""A-NAFTULI""]}","{""variations"":[""A-NAFTULY"",""Z-NAFTULY"",""A-NAFTILY"",""A-NATTULY"",""A-AFTULY"",""A-BAFTULY"",""A-NAFTUPY"",""A-Naftuly"",""A-NAFGULY"",""a-naftuly""]}","{""cached"":null,""duration"":70.97200012207031,""llm_duration"":70.95000004768372,""time_to_first_token"":70.29499983787537,""prompt_tokens"":1121,""completion_tokens"":3725}",B0CDQ72BHL,A-NAFTULY,False
eval,"{""brand_name"":""orealtrend""}","{""variations"":[""orealtrend"",""Orealtrend"",""OREALTREND"",""Oreal-trend"",""irealtrend"",""prealtrend"",""orealyrend"",""orealltrend"",""orealtrrend"",""oreltrend""]}","{""variations"":[""orealtrend"",""orealtrsnd"",""orealtrehd"",""oorealtrend"",""orealgrend"",""oreaptrend"",""OREALTREND"",""orezltrend"",""krealtrend"",""oealtrend""]}","{""cached"":null,""duration"":65.0569999217987,""llm_duration"":65.03400015830994,""time_to_first_token"":64.57800006866455,""prompt_tokens"":1115,""completion_tokens"":2809}",B07Y53NHB7,orealtrend,False
eval,"{""brand_name"":""microMend""}","{""variations"":[""microMend"",""micromend"",""MICROMEND"",""MicroMend"",""mictoMend"",""microMens"",""microMemd"",""micoMend"",""mcroMend"",""microMendd""]}","{""variations"":[""microMend"",""micromend"",""MicroMend"",""micro-Mend"",""micro"",""micromnd"",""micrMend"",""microMned"",""micromed"",""micromendd"",""micromendz""]}","{""cached"":null,""duration"":74.48199987411499,""llm_duration"":74.45899987220764,""time_to_first_token"":71.38299989700317,""prompt_tokens"":1115,""completion_tokens"":3844}",B088FYX5R7,microMend,False
eval,"{""brand_name"":""PALATO""}","{""variations"":[""PALATO"",""palato"",""Palato"",""OALATO"",""PAKATO"",""PALATI"",""PALLATO"",""PALATTO"",""PALATOE"",""PALATA""]}","{""variations"":[""PALATO"",""palato"",""Palato"",""PAlato"",""Palato-"",""Palato "",""PAlto"",""PAlatoo"",""Palatoo"",""Palatoa"",""Palatoe""]}","{""cached"":null,""duration"":40.3289999961853,""llm_duration"":40.306999921798706,""time_to_first_token"":39.835999965667725,""prompt_tokens"":1113,""completion_tokens"":2172}",B0DCVMP5NV,PALATO,False
eval,"{""brand_name"":""VYNCS""}","{""variations"":[""VYNCS"",""vyncs"",""Vyncs"",""VTNCS"",""VUNCS"",""VYNXS"",""VINCS"",""VYNKS"",""VYNX""]}","{""variations"":[""VYNCS"",""vyncs"",""Vyncs"",""V-Y-N-C-S"",""Vyns"",""Vynks"",""VYNS"",""VYNC"",""VYNSC""]}","{""cached"":null,""duration"":62.53099989891052,""llm_duration"":62.51099991798401,""time_to_first_token"":62.22200012207031,""prompt_tokens"":1115,""completion_tokens"":3121}",B0DJR5SWD7,VYNCS,False
eval,"{""brand_name"":""RoadNow""}","{""variations"":[""RoadNow"",""roadnow"",""Road Now"",""Road-Now"",""ToadNow"",""RoadNpw"",""RoadNoe"",""RodNow"",""RoaddNow"",""RodeNow""]}","{""variations"":[""RoadNow"",""roadnow"",""Road-Now"",""RoadNow "",""Roanow"",""RoadNw"",""RoadN0w"",""RooadNow"",""RoaNow"",""RoodNow"",""RoadNaw"",""RoaDNow""]}","{""cached"":null,""duration"":69.70499992370605,""llm_duration"":69.68699979782104,""time_to_first_token"":69.17200016975403,""prompt_tokens"":1113,""completion_tokens"":2940}",B0FGD6R7T2,RoadNow,False
eval,"{""brand_name"":""honiitaa""}","{""variations"":[""honiitaa"",""Honiitaa"",""HONIITAA"",""honi-itaa"",""homiitaa"",""hiniitaa"",""honiiyaa"",""honiita"",""honiittaa"",""honita""]}","{""variations"":[""honiitaa"",""ohniitaa"",""honjitaa"",""hhoniitaa"",""honiifaa"",""honiktaa"",""boniitaa"",""hniitaa"",""hlniitaa"",""hojiitaa""]}","{""cached"":null,""duration"":59.79700016975403,""llm_duration"":59.77999997138977,""time_to_first_token"":59.29800009727478,""prompt_tokens"":1115,""completion_tokens"":2742}",B0FHH693Z4,honiitaa,False
