name,input,output,expected,metrics,metadata,created,ASIN,Brand
eval,"{""bullet_points"": ""JBL Deep Bass Sound: Get the most from your mixes with high-quality audio from secure, reliable earbuds with 8mm drivers featuring JBL Deep Bass Sound\nComfortable fit: The ergonomic, stick-closed design of the JBL Vibe Beam fits so comfortably you may forget you're wearing them. The closed design excludes external sounds, enhancing the bass performance\nUp to 32 (8h + 24h) hours of battery life and speed charging: With 8 hours of battery life in the earbuds and 24 in the case, the JBL Vibe Beam provide all-day audio. When you need more power, you can speed charge an extra two hours in just 10 minutes.\nHands-free calls with VoiceAware: When you're making hands-free stereo calls on the go, VoiceAware lets you balance how much of your own voice you hear while talking with others\nWater and dust resistant: From the beach to the bike trail, the IP54-certified earbuds and IPX2 charging case are water and dust resistant for all-day experiences"", ""category_root"": ""Electronics"", ""category_sub"": ""Earbud Headphones"", ""description"": ""\""Bring your sound everywhere. With bass you can feel, up to 32 total hours of battery life, and a secure, comfortable stick-closed design, the splash and dust resistant JBL Vibe Beam are designed for your daily entertainment."", ""product_type"": ""HEADPHONES"", ""title"": ""JBL Vibe Beam - True Wireless JBL Deep Bass Sound Earbuds, Bluetooth 5.2, Water & Dust Resistant, Hands-free call with VoiceAware, Up to 32 hours of battery life (White)""}","{""taxonomy"": [{""level"": 1, ""product_type"": ""True Wireless Earbuds"", ""rank"": 1}, {""level"": 2, ""product_type"": ""Wireless Earphones"", ""rank"": 2}]}","{""taxonomy"": [{""level"": 1, ""product_type"": ""True Wireless Earbuds"", ""rank"": 1}, {""level"": 2, ""product_type"": ""Wireless Earphones"", ""rank"": 2}, {""level"": 3, ""product_type"": ""Earphones"", ""rank"": 3}]}",{},"{""asin"": ""B0BQPGJ9LQ"", ""brand_name"": ""JBL"", ""module_id"": ""m06"", ""split"": ""train"", ""version"": ""v1.1""}",,B0BQPGJ9LQ,
eval,"{""bullet_points"": ""24-ounce insulated stainless-steel water bottle with a FreeSip spout and push-button lid with lock\nPatented FreeSip spout designed for either sipping upright through the built-in straw or tilting back to swig from the spout opening\nProtective push-to-open lid keeps spout clean; convenient carry loop doubles as a lock\nDouble-wall insulation keeps drinks cold for up to 24 hours; wide opening for cleaning and adding ice; cup holder-friendly base\nBPA, lead, and phthalate-free; hand wash cup, dishwasher-safe lid; not for use with hot liquids"", ""category_root"": ""Home & Kitchen"", ""category_sub"": ""Thermoses, Travel & To-Go Drinkware"", ""description"": ""The Owala FreeSip Insulated Stainless-Steel Water Bottle with Locking Push-Button Lid easily tackles every thirst. With a built-in, easy-clean straw and a wide-mouth opening, the FreeSip reusable bottle is designed for drinking two different ways: sipping upright through the straw or tilting back to swig from the wide-mouth spout opening. Add in a push-to-open lid and playful colors, and staying hydrated has never been simpler‚Äîor more fun. Additional features include double-wall insulated stainless steel that keeps drinks cold up to 24 hours, a carry loop that doubles as a lock, a cup holder-friendly base, and a wide opening for easy cleaning and adding ice. The Owala FreeSip Insulated Stainless-Steel Water Bottle with Locking Push-Button Lid is available in three sizes: 24-Ounce, 32-Ounce, and 40-Ounce. Lid is dishwasher safe; hand wash cup. Not for use with hot liquids. Manufacturer‚Äôs limited lifetime warranty."", ""product_type"": ""BOTTLE"", ""title"": ""Owala FreeSip Insulated Stainless Steel Water Bottle with Straw, BPA-Free Sports Water Bottle, Great for Travel, 24 Oz, Denim""}","{""taxonomy"": [{""level"": 1, ""product_type"": ""Water Bottle"", ""rank"": 1}]}","{""taxonomy"": [{""level"": 1, ""product_type"": ""Water Bottle"", ""rank"": 1}]}",{},"{""asin"": ""B0BZYCJK89"", ""brand_name"": ""Owala"", ""module_id"": ""m06"", ""split"": ""train"", ""version"": ""v1.1""}",,B0BZYCJK89,
eval,"{""bullet_points"": ""304 Stainless Steel\nQuality Control 100%\n„ÄêAUTOMATIC DRAINAGE SYSTEM„ÄëCisily adopts slope design to achieve perfect drainage effect, aiming at reducing the frequency and time of cleaning the sponge holder, freeing your hands, reducing the burden on your kitchen work, and improving your happiness index.\n„ÄêPREMIUM STURDY MATERIAL„Äë Cisily kitchen sink organizer is made of premium stainless steel which can effectively prevent rust and deformation. And you can clean it easily by rinsing it under a running tap. Take the clutter out of your countertops.\n„ÄêREASONABLE DIVIDER DESIGN„Äë The sponge holder for kitchen sink ergonomic divider design allows it to have 3 separate storage spaces, Different items are placed in different areas. Make the most of every inch of space and make your kitchen look cleaner.\n„ÄêSATISFACTION GUARANTEED„ÄëThe CISILY kitchen sink organizer is ready to use upon receipt, no installation required and is widely used on counters or bathrooms, making it a satisfying gift. If you have any questions during use, please consult our customer service staff. We want to provide you with a pleasant shopping experience.\nUS Patent Number:Ôºö1038566S"", ""category_root"": ""Home & Kitchen"", ""category_sub"": ""Kitchen Storage & Organization Accessories"", ""description"": """", ""product_type"": ""CADDY"", ""title"": ""Cisily Kitchen Sink Caddy Organzier with High Brush Holder, Sponge Holder for Sink, 304 Rustproof Stainless, Kitchen Countertop Soap Dispenser Organizer, Kitchen Decor and Accessories""}","{""taxonomy"": [{""level"": 1, ""product_type"": ""Kitchen Sink Caddy"", ""rank"": 1}, {""level"": 2, ""product_type"": ""Kitchen Caddy Organizer"", ""rank"": 2}]}","{""taxonomy"": [{""level"": 1, ""product_type"": ""Sink Caddy Organizer"", ""rank"": 1}, {""level"": 2, ""product_type"": ""Kitchen Caddy Organizer"", ""rank"": 2}, {""level"": 3, ""product_type"": ""Kitchen Storage and Organization"", ""rank"": 3}]}",{},"{""asin"": ""B0CJ4WZXQF"", ""brand_name"": ""Cisily"", ""module_id"": ""m06"", ""split"": ""train"", ""version"": ""v1.1""}",,B0CJ4WZXQF,
eval,"{""bullet_points"": ""WINDPROOF & WARM The stand collar lightweight puffer jacket is made with windproof, soft nylon fabric to block out cold air and keep you warm. The new winter jacket features elastic cuffs and an adjustable hem, effectively preventing wind from entering and ensuring fit, protecting you in cold weather. The front center zipper has dual side zipper chin guard, providing close-fitting comfort\nWATER-RESISTANT & BREATHABLE The outer layer uses DWR technology with a waterproof rating of 3000mm. The interior is filled with polyester fiber eco-friendly down alternative material, offering enhanced warmth and breathability. This men's down alternative jacket keeps your core comfortable and dry in light rain, helping you stay warm and fight against harsh rainy or misty weather\nLIGHTWEIGHT & PACKABLE DESIGN Ultra-lightweight, weightless experience, weighing only 300g.The men's stand-up collar puffer jacket can be quickly stored and placed in a waterproof storage bag. The storage bag has a drawstring and drawcord, allowing you to attach the jacket to your backpack. Our men's foldable, lightweight insulated puffer coat is ideal for casual wear and outdoor. The lightweight packable design takes up minimal space in your luggage and backpack, making travel stress-free\n4 POCKETS The men's puffy quilted jacket includes 2 external zippered hand warmer pockets and 2 large internal pockets, perfect for storing money, keys, phone, wallet, passport, and other items, providing great privacy and convenience\nOCCASION Suitable for travelling, camping, hiking, skiing, snowboarding, golf and many other outdoor activities, also good choice for casual life such as work, party, men's outerwear jackets & coats for spring fall winter. Best gifts for son, father, husband, friends,father's day gifts, birthday present, a dad gifts, Christmas gift idea etc"", ""category_root"": ""Clothing, Shoes & Jewelry"", ""category_sub"": ""Down & Down Alternative"", ""description"": """", ""product_type"": ""COAT"", ""title"": ""Pioneer Camp Mens Lightweight Packable Puffer Jacket Winter Insulated Puffy Coat Water Repellent Warm Quilted Jackets TravelÔºàBlack;MÔºâ""}","{""taxonomy"": [{""level"": 1, ""product_type"": ""Puffer Jacket / Puffy Coat"", ""rank"": 1}, {""level"": 2, ""product_type"": ""Jacket"", ""rank"": 2}, {""level"": 3, ""product_type"": ""Men's Clothing / Apparel"", ""rank"": 3}]}","{""taxonomy"": [{""level"": 1, ""product_type"": ""Puffer Jacket / Puffy Coat"", ""rank"": 1}, {""level"": 2, ""product_type"": ""Jacket"", ""rank"": 2}, {""level"": 3, ""product_type"": ""Men's Clothing / Apparel"", ""rank"": 3}]}",{},"{""asin"": ""B0D6YNWLTS"", ""brand_name"": ""Pioneer Camp"", ""module_id"": ""m06"", ""split"": ""train"", ""version"": ""v1.1""}",,B0D6YNWLTS,
eval,"{""bullet_points"": ""Vacuum Lock + Gel Base ‚Äî For Smooth, Flat Surfaces: Features a rotary vacuum-lock and 4-layer washable gel base that forms a rock-solid hold on flat, non-textured surfaces such as glass, glossy dashboards, or hard leather. Avoid use on curved, soft, or textured materials. To install, firmly press the gel base and rotate the vacuum lock clockwise until tight\nWashable Gel Base ‚Äî Restores Grip After Rinsing: The reusable nano-gel base maintains strong adhesion when clean. If suction weakens due to dust or dirt, simply rinse the gel with water and let it air dry‚Äîthis restores up to 99% of its original stickiness, and built to withstand -40¬∞F to 194¬∞F\n360¬∞ Customizable Viewing Angle: Achieve full viewing flexibility with triple-axis adjustment‚Äî360¬∞ swivel, 180¬∞ tilt, and foldable arm positioning. Effortlessly switch between portrait and landscape modes. Built-in zinc alloy hinges rated for 7,000+ adjustments\nUnmatched Magnetic Grip for Safe Driving: Upgraded with 24 N52 magnets in a dual-ring layout for ultra-strong, stable hold‚Äîeven on bumpy roads. No signal interference. Designed for MagSafe iPhones and cases; includes magnetic rings for wider phone compatibility\nWide Device Compatibility & Instant Setup: Supports iPhone 12‚Äì17 and other smartphones with the included magnetic ring. Mounts firmly to dashboards, mirrors, windows, or smooth tile‚Äîideal for your car, home, or studio. Setup takes seconds. Do not use on armor, silicone, leather, suede, or uneven phone cases, as the magnetic ring may not adhere securely"", ""category_root"": ""Cell Phones & Accessories"", ""category_sub"": ""Cradles"", ""description"": """", ""product_type"": ""PORTABLE_ELECTRONIC_DEVICE_MOUNT"", ""title"": ""Jikasho Vacuum Magnetic Suction Phone Holder, Foldable and Retractable Hands-Free Suction Cup Phone Mount for Car/Gym/Mirror/Smooth Surface, Compatible with iPhone Android and All Smartphones (Black)""}","{""taxonomy"": [{""level"": 1, ""product_type"": ""Car Phone Holders & Mounts"", ""rank"": 1}]}","{""taxonomy"": [{""level"": 1, ""product_type"": ""Car Phone Holders & Mounts"", ""rank"": 1}]}",{},"{""asin"": ""B0DSHWLXG6"", ""brand_name"": ""Jikasho"", ""module_id"": ""m06"", ""split"": ""train"", ""version"": ""v1.1""}",,B0DSHWLXG6,
eval,"{""bullet_points"": ""Eco-Conscious Performance‚Äå:The ice maker uses an optimized motor and streamlined construction to cut energy consumption by 30%. Lower carbon footprint + save on energy bills ‚Äì sustainability meets smart spending.\nTurbo Ice Machine:Chill drinks in just 6 minutes ‚Äì 26lbs of ice a day capacity crushes summer heat anxiety. Keep the drinks flowing at pool parties, BBQs, or sudden guest arrivals.\nSelf-Cleaning Care‚Äå:One-touch maintenance cycle keeps ice tasting fresh. No more funky ice odors! Simply activate weekly (or after 2-week inactivity) for crystal-clear ice you can trust.\nRoad Trip-Ready Compactness‚Äå:Fits anywhere with 8.66\""x10.39\""x11.22\"" footprint ‚Äì Throw a countertop ice maker in your RV, tailgate setup, or beach cabana. Your ultimate hydration sidekick for adventures.\nLibrary-Quiet Operation‚Äå:Whisper-quiet tech at <40dB ‚Äì Talk, work, or binge undisturbed. Our acoustic engineers obsess over every decibel. So is our ice machine."", ""category_root"": ""Appliances"", ""category_sub"": ""Ice Makers"", ""description"": """", ""product_type"": ""ICE_MAKER"", ""title"": ""Countertop Ice Maker Machine, 8 Ice Cubes in 6 mins, 26lb/Day Ice with 2 Sizes- Portable Mini, Energy Saving & Basket/Scoop for Home/Party/Travel/Camping/Bar,Black""}","{""taxonomy"": [{""level"": 1, ""product_type"": ""Ice Maker"", ""rank"": 1}, {""level"": 2, ""product_type"": ""Appliances"", ""rank"": 2}]}","{""taxonomy"": [{""level"": 1, ""product_type"": ""Ice Maker"", ""rank"": 1}]}",{},"{""asin"": ""B0F42MT8JX"", ""brand_name"": ""Antarctic Star"", ""module_id"": ""m06"", ""split"": ""train"", ""version"": ""v1.1""}",,B0F42MT8JX,
eval,"{""bullet_points"": ""LASTING LINES: Rich color looks freshly applied all day long; transfer-proof, waterproof, smudge-proof and fade-proof\nUP TO 24HR WEAR: Creates the look you want and stays on strong\nEASY APPLICATION: Glides on, creating intensely defined lines that can go from subtle to dramatic. Includes built-in sharpener for the perfect pointed tip and a smudger to blend.\nTWO FINISHES: Available in 12 totally wearable matte and shimmer shades\nOPHTHALMOLOGIST TESTED: Suitable for use on waterline and comfortable to wear"", ""category_root"": ""Beauty & Personal Care"", ""category_sub"": ""Eyeliner"", ""description"": ""Product Description\n\nAmerica‚Äôs #1 Longwear Eyeliner.* Revlon ColorStay Eyeliner Pencil delivers rich, lasting color that looks freshly applied all day long, and glides on smoothly in totally wearable, everyday shades. Whether you want to go subtle or dramatic, this eyeliner pencil creates the look you want and stays on strong. Formulated with ColorStay Adapti-Flex Color Lock Technology‚Ñ¢. Waterproof, smudge-proof, fade-proof, and transfer-proof. Up to 24HR wear. Plus, it has a built-in sharpener and smudger. *Revlon Consumer Products Corporation‚Äôs calculation based in part on data reported by Circana, LLC, through its OmniMarket Service of Total US Multi-Outlet for Makeup Category, Eyeliner Subcategory for the 52-week period ending 11-24-2024 using Revlon‚Äôs custom definitions.\n\nBrand Story\n\nBy Revlon"", ""product_type"": ""EYELID_COLOR"", ""title"": ""Revlon ColorStay Pencil Waterproof Eyeliner, Smudge-Proof, Eye Makeup with Built-In Sharpener, Stocking Stuffer for Women, 202 Black Brown, 0.01 oz""}","{""taxonomy"": [{""level"": 1, ""product_type"": ""Pencil Eyeliner"", ""rank"": 1}, {""level"": 2, ""product_type"": ""Eyeliner"", ""rank"": 2}, {""level"": 3, ""product_type"": ""Eye Makeup"", ""rank"": 3}]}","{""taxonomy"": [{""level"": 1, ""product_type"": ""Pencil Eyeliner"", ""rank"": 1}, {""level"": 2, ""product_type"": ""Eyeliner"", ""rank"": 2}, {""level"": 3, ""product_type"": ""Eye Makeup"", ""rank"": 3}]}",{},"{""asin"": ""B000H3I2JG"", ""brand_name"": ""REVLON"", ""module_id"": ""m06"", ""split"": ""train"", ""version"": ""v1.1""}",,B000H3I2JG,
eval,"{""bullet_points"": ""DURABLE, HEAT RESISTANT SILICONE - The Kitchen Aid Ribbed Soft Silicone mitts are heat resistant up to 500 degrees Fahrenheit to safely shield hands from the heat while cooking and handling hot pans and dishes.\nWATERPROOF & SLIP-RESISTANT - These silicone mitts are water resistant for additional protection from hot spills and spots with a textured, ribbed stripe design for a safe and secure grip.\nSET OF TWO- Includes two (2) generously sized oven mitts that each measures 7\"" wide x 13\"" long for a comfortable fit.\nADDITIONAL PROTECTION & COMFORT - The 100% cotton cuff provides additional protection from the heat with polyester lining that offers comfort and insulation.\nEASY CARE - These Kitchen Aid oven mitts can be easily cleaned. Simply rinse off with water and wipe them clean."", ""category_root"": ""Home & Kitchen"", ""category_sub"": ""Oven Mitts"", ""description"": ""Perform your kitchen tasks safely with the Kitchen Aid Ribbed Soft Silicone 2-Piece Oven Mitt Set. The textured, ribb stripe design offers a secure grip while handling hot objects. Made of durable and waterproof silicone with a cotton cuff that provides additional shield from the heat and polyester lining that offers comfort and insulation. Each oven mitt measures 7 inches by 13 inches for a generous fit. They are heat resistant up to 500 degrees Fahrenheit. Coordinate these oven mitts with coordinating Kitchen Aid Ribbed Soft Silicone Pot Holders for a complete set."", ""product_type"": ""POT_HOLDER"", ""title"": ""KITCHENAID Ribbed Soft Silicone Oven Mitt 2-Pack Set, 7.5\""x13\"", Milkshake""}","{""taxonomy"": [{""level"": 1, ""product_type"": ""Oven Mitt"", ""rank"": 1}]}","{""taxonomy"": [{""level"": 1, ""product_type"": ""Oven Mitt"", ""rank"": 1}]}",{},"{""asin"": ""B08J8GZXKZ"", ""brand_name"": ""KitchenAid"", ""module_id"": ""m06"", ""split"": ""train"", ""version"": ""v1.1""}",,B08J8GZXKZ,
eval,"{""bullet_points"": ""üåø Serve with Webacoo Style: Elevate your dining experience! Whether serving breakfast in bed, organizing snacks on a coffee table, hosting a BBQ party, or displaying decor on your ottoman, this bamboo tray combines practicality with rustic charm. Its versatile design fits seamlessly into kitchens, living rooms, patios, and even commercial settings.\nüåø Premium Eco-Friendly Bamboo Construction: Crafted from 100% natural, heat-treated bamboo, Webacoo‚Äôs serving tray is stronger and more durable than plastic alternatives. Sanded smooth and coated with food-safe oil, it resists stains, splinters, and wear‚Äîideal for daily use and heavy-duty occasions.\nüåø Ergonomic Handles & Lightweight Design: Sleek, low-profile handles ensure a secure grip, even when fully loaded. At just 15.3‚Äù x 9.8‚Äù, this lightweight yet sturdy tray effortlessly carries meals, drinks, or decor from room to room. Raised edges prevent spills, keeping items firmly in place.\nüåø Multipurpose for Home & Beyond: Use it as a breakfast platter, snack organizer, coffee table centerpiece, or decorative storage for keys and remotes. Its minimalist bohemian style also makes it perfect for candle displays, plant holders, or wall art.\nüåø Easy-Clean & Gift-Ready: Simply wipe with a damp cloth for instant maintenance. With its timeless design and eco-conscious appeal, this bamboo tray is an ideal gift for weddings, housewarmings, birthdays, or Christmas‚Äîsure to delight friends, family, or even yourself!\nüåø Why Choose Us? Durable, lightweight, and endlessly versatile, this bamboo serving tray is designed to last. Upgrade your home or commercial space with a piece that blends functionality, sustainability, and modern elegance."", ""category_root"": ""Home & Kitchen"", ""category_sub"": ""Serving Trays"", ""description"": """", ""product_type"": ""TRAY"", ""title"": ""Webacoo Bamboo Tray with Handles - Lightweight Serving Tray for Breakfast in Bed, Coffee Table, BBQ, Kitchen, Ottoman & Party - Perfect for Lap, Couch & Gifting - Large Size Wood Tea Tray - 15‚Äùx10‚Äù""}","{""taxonomy"": [{""level"": 1, ""product_type"": ""Serving Tray"", ""rank"": 1}]}","{""taxonomy"": [{""level"": 1, ""product_type"": ""Serving Tray"", ""rank"": 1}]}",{},"{""asin"": ""B09LCKZBTW"", ""brand_name"": ""WEBACOO"", ""module_id"": ""m06"", ""split"": ""train"", ""version"": ""v1.1""}",,B09LCKZBTW,
eval,"{""bullet_points"": ""EXPERIENCE THE CLASSIC CONVERSION PLAY OF TRANSFORMERS TOYS: Transformers toys that change from robot to vehicle have captivated kids for generations.\n2 TOYS IN 1: This toy robot changes into the signature red and blue Optimus Prime toy truck in 6 simple steps. Easy conversion for kids 6 years old and up.\nFAVORITE TRANSFORMERS CHARACTER: Transformers follows the story of the heroic Autobots, who fight to protect all life, and the evil Decepticons, who seek to conquer the universe. This timeless 11-inch Cyber Commander Series figure depicts Optimus Prime, legendary leader of the Autobots--essential when starting a Transformers toy collection.\nIMAGINE EXCITING BATTLES: Collect other 11-inch Cyber Commander Series Transformers figures so kids can imagine their own Autobot vs. Decepticon battles (Each sold separately. Subject to availability).\nMAKES A GREAT GIFT: This classic Optimus Prime action figure makes the perfect birthday or holiday gift."", ""category_root"": ""Toys & Games"", ""category_sub"": ""Action Figures, Collectible Toys"", ""description"": ""Bring home the excitement of Transformers robots with this Cyber Commander series Optimus Prime figure! The Transformers are sentient robots from the distant planet, Cybertron. Two factions, the heroic Autobots and the evil Decepticons are in an ever-raging battle. The legendary Autobot leader, Optimus Prime, fights to defend all life, while his nemesis, the merciless Decepticon leader, Megatron, fights to destroy it. This timeless 11-inch scale Transformers Optimus Prime figure is essential when starting a Transformers toy collection. Featuring classic Transformers conversion for kids 6 and up, kids can change this Optimus Prime action figure from toy robot to toy truck in 6 easy steps. Collect other Cyber Commander Series figures so kids can create their own Autobot vs. Decepticon battles and imagine Optimus Prime leading the heroic Autobots against the evil Decepticons! (Each sold separately. Subject to availability). Transformers and all related characters are trademarks of Hasbro."", ""product_type"": ""TOY_FIGURE"", ""title"": ""Transformers Toys Heroic Optimus Prime Action Figure - Timeless Large-Scale Figure, Changes into Toy Truck - Toys for Kids 6 and Up, 11-inch (Amazon Exclusive)""}","{""taxonomy"": [{""level"": 1, ""product_type"": ""Transformer"", ""rank"": 1}, {""level"": 2, ""product_type"": ""Action Figure"", ""rank"": 2}, {""level"": 3, ""product_type"": ""Toys"", ""rank"": 3}]}","{""taxonomy"": [{""level"": 1, ""product_type"": ""Transformer"", ""rank"": 1}, {""level"": 2, ""product_type"": ""Action Figure"", ""rank"": 2}, {""level"": 3, ""product_type"": ""Toys"", ""rank"": 3}]}",{},"{""asin"": ""B077YYP739"", ""brand_name"": ""Transformers"", ""module_id"": ""m06"", ""split"": ""train"", ""version"": ""v1.1""}",,B077YYP739,
eval,"{""bullet_points"": ""ENFit\nStandard ENFit Tip\nClear Barrel"", ""category_root"": ""Industrial & Scientific"", ""category_sub"": ""Syringes"", ""description"": ""ENFit Syringe"", ""product_type"": ""SYRINGE"", ""title"": ""ENFit¬Æ Syringe - 20ml - QTY 10""}","{""taxonomy"": [{""level"": 1, ""product_type"": ""ENFit Syringe"", ""rank"": 1}, {""level"": 2, ""product_type"": ""Syringe"", ""rank"": 2}]}","{""taxonomy"": [{""level"": 1, ""product_type"": ""Syringe"", ""rank"": 1}]}",{},"{""asin"": ""B0CVQJY9C6"", ""brand_name"": ""Rx Crush"", ""module_id"": ""m06"", ""split"": ""train"", ""version"": ""v1.1""}",,B0CVQJY9C6,
eval,"{""bullet_points"": ""Vesco ENFit syringes.\nStandard Tip"", ""category_root"": ""Industrial & Scientific"", ""category_sub"": ""Syringes"", ""description"": ""ENFit Syringe. Female tip with purple plunger.Use instead of Luer, Oral, or Catheter syringes for tube feeding.ISO 80369-3 compliant. No cap with syringe. See CA06.Materials: PP, Isoprene.Use with RxCrush Pill Pouches or ENFit feeding tubes and extension sets.Single patient use and Rx only."", ""product_type"": ""PROFESSIONAL_HEALTHCARE"", ""title"": ""35 ml RxCrush ENFit Syringe - Qty 10""}","{""taxonomy"": [{""level"": 1, ""product_type"": ""ENFit Syringe"", ""rank"": 1}, {""level"": 2, ""product_type"": ""Syringe"", ""rank"": 2}]}","{""taxonomy"": [{""level"": 1, ""product_type"": ""Syringe"", ""rank"": 1}]}",{},"{""asin"": ""B0C9SPJ9ZQ"", ""brand_name"": ""Rx Crush"", ""module_id"": ""m06"", ""split"": ""train"", ""version"": ""v1.1""}",,B0C9SPJ9ZQ,
